<?xml version="1.0" encoding="UTF-8"?><MedicationAdministration xmlns="http://hl7.org/fhir"> 
  <id value="medadmin0306"/>
  <text><status value="generated"/><div xmlns="http://www.w3.org/1999/xhtml"><p><b>Generated Narrative with Details</b></p><p><b>id</b>: medadmin0306</p><p><b>contained</b>: </p><p><b>status</b>: completed</p><p><b>medication</b>: id: med0306; Azithromycin 250mg capsule (product) <span>(Details : {SNOMED CT code &#39;324252006&#39; = &#39;Azithromycin 250mg capsule (product)&#39;, given as &#39;Azithromycin 250mg capsule (product)&#39;})</span></p><p><b>patient</b>: <a>Donald Duck</a></p><p><b>encounter</b>: <a>encounter who leads to this prescription</a></p><p><b>effectiveTime</b>: Jan 15, 2015 4:30:00 AM --&gt; Jan 15, 2015 2:30:00 PM</p><p><b>performer</b>: <a>Patrick Pump</a></p><p><b>prescription</b>: <a>MedicationRequest/medrx0302</a></p><h3>Dosages</h3><table><tr><td>-</td><td><b>Text</b></td><td><b>Route</b></td><td><b>Method</b></td><td><b>Dose</b></td></tr><tr><td>*</td><td>Two tablets at once</td><td>Oral Route <span>(Details : {SNOMED CT code &#39;26643006&#39; = &#39;Oral route (qualifier value)&#39;, given as &#39;Oral Route&#39;})</span></td><td>Swallow - dosing instruction imperative (qualifier value) <span>(Details : {SNOMED CT code &#39;421521009&#39; = &#39;Swallow - dosing instruction imperative (qualifier value)&#39;, given as &#39;Swallow - dosing instruction imperative (qualifier value)&#39;})</span></td><td>2 TAB<span> (Details: http://hl7.org/fhir/ValueSet/v3-orderableDrugForm code TAB = &#39;TAB&#39;)</span></td></tr></table></div></text><contained>
      <Medication>
        <id value="med0306"/>
        <code>
          <coding>
            <system value="http://snomed.info/sct"/>
            <code value="324252006"/>
            <display value="Azithromycin 250mg capsule (product)"/>
          </coding>
        </code>
      </Medication>
  </contained>
  <status value="completed"/>
  <medicationReference>
    <reference value="#med0306"/> 
  </medicationReference>
 <patient>
   <reference value="Patient/pat1"/>
   <display value="Donald Duck"/> 
  </patient>
  <encounter> 
    <reference value="Encounter/f001"/>
    <display value="encounter who leads to this prescription"/>
  </encounter>
 <effectiveTimePeriod>
  <start value="2015-01-15T04:30:00+01:00"/>
   <end value="2015-01-15T14:30:00+01:00"/>
</effectiveTimePeriod>
  <performer>
    <reference value="Practitioner/f007"/>
    <display value="Patrick Pump"/>
  </performer>
  <prescription>
    <reference value="MedicationRequest/medrx0302"/>
  </prescription>
  <dosage>
    <text value="Two tablets at once"/>
    <route>
      <coding>
        <system value="http://snomed.info/sct"/>
        <code value="26643006"/>
        <display value="Oral Route"/>
      </coding>
    </route>
    <method>
      <coding>
        <system value="http://snomed.info/sct"/>
        <code value="421521009"/>
        <display value="Swallow - dosing instruction imperative (qualifier value)"/>
      </coding>
    </method>
    <dose>
      <value value="2"/>
      <unit value="TAB"/>
      <system value="http://hl7.org/fhir/ValueSet/v3-orderableDrugForm"/>
      <code value="TAB"/>
    </dose>
  </dosage>
</MedicationAdministration>