<?xml version="1.0" encoding="UTF-8"?><MedicationDispense xmlns="http://hl7.org/fhir">
    <id value="meddisp0301"/>
    <text><status value="generated"/><div xmlns="http://www.w3.org/1999/xhtml"><p><b>Generated Narrative with Details</b></p><p><b>id</b>: meddisp0301</p><p><b>contained</b>: </p><p><b>status</b>: in-progress</p><p><b>medication</b>: Vancomycin Hydrochloride. Generated Summary: id: med0301; Vancomycin Hydrochloride (VANCOMYCIN HYDROCHLORIDE) <span>(Details : {http://hl7.org/fhir/sid/ndc code &#39;0069-2587-10&#39; = &#39;0069-2587-10&#39;, given as &#39;Vancomycin Hydrochloride (VANCOMYCIN HYDROCHLORIDE)&#39;})</span></p><p><b>patient</b>: <a>Donald Duck</a></p><p><b>dispenser</b>: <a>Rob van den Berk</a></p><p><b>authorizingPrescription</b>: <a>MedicationRequest/medrx0318</a></p><p><b>type</b>: emergency Fill <span>(Details : {http://hl7.org/fhir/ValueSet/v3-ActPharmacySupplyType code &#39;EF&#39; = &#39;EF&#39;, given as &#39;emergency Fill&#39;})</span></p><p><b>quantity</b>: 12 Vial<span> (Details: http://hl7.org/fhir/ValueSet/v3-orderableDrugForm code Vial = &#39;Vial&#39;)</span></p><p><b>daysSupply</b>: 3 Day<span> (Details: UCUM code d = &#39;d&#39;)</span></p><p><b>whenPrepared</b>: Jan 15, 2015 10:20:00 AM</p><p><b>dosageInstruction</b>: </p></div></text><contained>
        <Medication>
            <id value="med0301"/>
            <code>
                <coding>
                    <system value="http://hl7.org/fhir/sid/ndc"/>
                    <code value="0069-2587-10"/>
                    <display value="Vancomycin Hydrochloride (VANCOMYCIN HYDROCHLORIDE)"/>
                </coding>
            </code>
        </Medication>
    </contained>
    <status value="in-progress"/>
    <medicationReference>
        <!--   Linked to a RESOURCE Medication   -->
        <reference value="#med0301"/>
        <display value="Vancomycin Hydrochloride"/>
    </medicationReference>
    <patient>
        <reference value="Patient/pat1"/>
        <display value="Donald Duck"/> 
    </patient>
    <dispenser>
        <reference value="Practitioner/f006"/>
        <display value="Rob van den Berk"/>
    </dispenser>
    <authorizingPrescription>
        <reference value="MedicationRequest/medrx0318"/>
    </authorizingPrescription>
    <type>
        <coding>
            <system value="http://hl7.org/fhir/ValueSet/v3-ActPharmacySupplyType"/>
            <code value="EF"/>
            <display value="emergency Fill"/>
        </coding>
    </type>
    <quantity>
        <value value="12"/>
        <unit value="Vial"/>
        <system value="http://hl7.org/fhir/ValueSet/v3-orderableDrugForm"/>
        <code value="Vial"/> 
    </quantity>
    <daysSupply>
        <value value="3"/>
        <unit value="Day"/>
        <system value="http://unitsofmeasure.org"/>
        <code value="d"/>
    </daysSupply>
    <whenPrepared value="2015-01-15T10:20:00Z"/>
    <dosageInstruction>
        <sequence value="1"/>
        <text value="500mg IV q6h x 3 days"/>
        <timing>
            <repeat>
                <frequency value="1"/>
                <period value="6"/>
                <periodUnit value="h"/>
            </repeat>
        </timing>
        <route>
            <coding>
                <system value="http://snomed.info/sct"/>
                <code value="255560000"/>
                <display value="Intravenous"/>
            </coding>
        </route>
        <method>
            <coding>
                <system value="http://snomed.info/sct"/>
                <code value="420620005"/>
                <display value="Push - dosing instruction imperative (qualifier value)"/>
            </coding>
        </method>
        <doseQuantity>
            <value value="500"/>
            <unit value="mg"/>
            <system value="http://unitsofmeasure.org"/>
            <code value="mg"/>
        </doseQuantity>
    </dosageInstruction>
</MedicationDispense>