<?xml version="1.0" encoding="UTF-8"?><MedicationStatement xmlns="http://hl7.org/fhir">
  <id value="example006"/>
  <text><status value="generated"/><div xmlns="http://www.w3.org/1999/xhtml"><p><b>Generated Narrative with Details</b></p><p><b>id</b>: example006</p><p><b>status</b>: active</p><p><b>medication</b>: Amoxicillin (product) <span>(Details : {SNOMED CT code &#39;27658006&#39; = &#39;Amoxicillin (product)&#39;, given as &#39;Amoxicillin (product)&#39;})</span></p><p><b>patient</b>: <a>Donald Duck</a></p><p><b>effective</b>: Feb 1, 2014</p><p><b>informationSource</b>: <a>Peter Chalmers</a></p><p><b>dateAsserted</b>: Feb 22, 2014</p><p><b>notTaken</b>: N</p><p><b>note</b>: Father indicates they miss the occasional dose</p><p><b>dosage</b>: </p></div></text><status value="active"/>
  <medicationCodeableConcept>
      <coding>
        <system value="http://snomed.info/sct"/>
        <code value="27658006"/>
        <display value="Amoxicillin (product)"/>
      </coding>
  </medicationCodeableConcept>  
  <patient>
    <reference value="Patient/pat1"/>
    <display value="Donald Duck"/> 
  </patient>
  <effectiveDateTime value="2014-02-01"/>
  <informationSource>
    <reference value="RelatedPerson/peter"/>
    <display value="Peter Chalmers"/> 
  </informationSource>
  <dateAsserted value="2014-02-22"/>
  <notTaken value="N"/>
  <note>
    <text value="Father indicates they miss the occasional dose"/>
  </note>
  <dosage>
    <sequence value="1"/>
    <text value="5ml three times daily"/>
    <asNeededBoolean value="false"/>
    <route>
     <coding>
       <system value="http://snomed.info/sct"/>
      <code value="260548002"/>
      <display value="Oral"/>
      </coding>
    </route>
    <doseQuantity>
      <value value="5"/>
      <unit value="mL"/>
      <system value="http://unitsofmeasure.org"/>
      <code value="mL"/>
    </doseQuantity>
    <maxDosePerPeriod>
      <numerator>
        <value value="3"/>
      </numerator>
      <denominator>
      <value value="1"/>
      <system value="http://unitsofmeasure.org"/>
      <code value="d"/>
      </denominator>
    </maxDosePerPeriod>
  </dosage>
</MedicationStatement>