<?xml version="1.0" encoding="UTF-8"?><Observation xmlns="http://hl7.org/fhir">
  <id value="satO2"/>
  <text><status value="generated"/><div xmlns="http://www.w3.org/1999/xhtml"><p><b>Generated Narrative with Details</b></p><p><b>id</b>: satO2</p><p><b>identifier</b>: o1223435-10</p><p><b>status</b>: final</p><p><b>code</b>: MDC_PULS_OXIM_SAT_O2 <span>(Details : {https://rtmms.nist.gov code &#39;150456&#39; = &#39;150456&#39;, given as &#39;MDC_PULS_OXIM_SAT_O2&#39;})</span></p><p><b>subject</b>: <a>Patient/example</a></p><p><b>effective</b>: Dec 5, 2014 9:30:10 AM</p><p><b>value</b>: 95 %<span> (Details: https://rtmms.nist.gov code 262688 = &#39;262688&#39;)</span></p><p><b>interpretation</b>: Normal (applies to non-numeric results) <span>(Details : {http://hl7.org/fhir/v2/0078 code &#39;N&#39; = &#39;Normal&#39;, given as &#39;Normal&#39;})</span></p><p><b>device</b>: <a>DeviceMetric/example</a></p><h3>ReferenceRanges</h3><table><tr><td>-</td><td><b>Low</b></td><td><b>High</b></td></tr><tr><td>*</td><td>90 %<span> (Details: https://rtmms.nist.gov code 262688 = &#39;262688&#39;)</span></td><td>99 %<span> (Details: https://rtmms.nist.gov code 262688 = &#39;262688&#39;)</span></td></tr></table></div></text><identifier>
    <system value="http://goodcare.org/observation/id"/>
    <value value="o1223435-10"/>
  </identifier>
  <status value="final"/>
  <code>
    <coding>
      <system value="https://rtmms.nist.gov"/>
    <!--      mdc      -->
      <code value="150456"/>
      <display value="MDC_PULS_OXIM_SAT_O2"/>
    </coding>
  </code>
  <subject>
    <reference value="Patient/example"/>
  </subject>
  <effectiveDateTime value="2014-12-05T09:30:10+01:00"/>
  <valueQuantity>
    <value value="95"/>
    <unit value="%"/>
    <system value="https://rtmms.nist.gov"/>
    <code value="262688"/>
  </valueQuantity>
  <interpretation>
    <coding>
      <system value="http://hl7.org/fhir/v2/0078"/>
      <code value="N"/>
      <display value="Normal"/>
    </coding>
    <text value="Normal (applies to non-numeric results)"/>
  </interpretation>
  <device>
    <reference value="DeviceMetric/example"/>
  </device>
  <referenceRange>
    <low>
      <value value="90"/>
      <unit value="%"/>
      <system value="https://rtmms.nist.gov"/>
      <code value="262688"/>
    </low>
    <high>
      <value value="99"/>
      <unit value="%"/>
      <system value="https://rtmms.nist.gov"/>
      <code value="262688"/>
    </high>
  </referenceRange>
</Observation>