<?xml version="1.0" encoding="UTF-8"?>

<StructureDefinition xmlns="http://hl7.org/fhir">
  <id value="shareablevalueset"/>
  <text>
    <status value="generated"/>
    <div xmlns="http://www.w3.org/1999/xhtml">to do</div>
  </text>
  <url value="http://hl7.org/fhir/StructureDefinition/shareablevalueset"/>
  <name value="Shareable ValueSet"/>
  <status value="draft"/>
  <publisher value="HL7"/>
  <date value="2016-10-27T16:23:35+00:00"/>
  <description value="Enforces the minimum information set for the value set metadata required by HL7 and other organisations that share and publish value sets"/>
  <fhirVersion value="1.7.0"/>
  <mapping>
    <identity value="rim"/>
    <uri value="http://hl7.org/v3"/>
    <name value="RIM Mapping"/>
  </mapping>
  <mapping>
    <identity value="w5"/>
    <uri value="http://hl7.org/fhir/w5"/>
    <name value="W5 Mapping"/>
  </mapping>
  <mapping>
    <identity value="define.xml2.0"/>
    <uri value="http://www.cdisc.org/define-xml"/>
    <name value="CDISC Define XML 2.0 metadata standard"/>
  </mapping>
  <mapping>
    <identity value="objimpl"/>
    <uri value="http://hl7.org/fhir/object-implementation"/>
    <name value="Object Implementation Information"/>
  </mapping>
  <kind value="resource"/>
  <abstract value="false"/>
  <type value="ValueSet"/>
  <baseDefinition value="http://hl7.org/fhir/StructureDefinition/ValueSet"/>
  <derivation value="constraint"/>
  <snapshot>
    <element id="ValueSet:shareablevalueset">
      <path value="ValueSet"/>
      <sliceName value="ShareableValueSet"/>
      <short value="A set of codes drawn from one or more code systems"/>
      <definition value="A value set specifies a set of codes drawn from one or more code systems."/>
      <min value="1"/>
      <max value="1"/>
      <base>
        <path value="ValueSet"/>
        <min value="0"/>
        <max value="*"/>
      </base>
      <constraint>
        <key value="dom-2"/>
        <severity value="error"/>
        <human value="If the resource is contained in another resource, it SHALL NOT contain nested Resources"/>
        <expression value="contained.contained.empty()"/>
        <xpath value="not(parent::f:contained and f:contained)"/>
        <source value="DomainResource"/>
      </constraint>
      <constraint>
        <key value="dom-1"/>
        <severity value="error"/>
        <human value="If the resource is contained in another resource, it SHALL NOT contain any narrative"/>
        <expression value="contained.text.empty()"/>
        <xpath value="not(parent::f:contained and f:text)"/>
        <source value="DomainResource"/>
      </constraint>
      <constraint>
        <key value="dom-4"/>
        <severity value="error"/>
        <human value="If a resource is contained in another resource, it SHALL NOT have a meta.versionId or a meta.lastUpdated"/>
        <expression value="contained.meta.versionId.empty() and contained.meta.lastUpdated.empty()"/>
        <xpath value="not(exists(f:contained/*/f:meta/f:versionId)) and not(exists(f:contained/*/f:meta/f:lastUpdated))"/>
        <source value="DomainResource"/>
      </constraint>
      <constraint>
        <key value="dom-3"/>
        <severity value="error"/>
        <human value="If the resource is contained in another resource, it SHALL be referred to from elsewhere in the resource"/>
        <expression value="contained.where((&#39;#&#39;+id in %resource.descendants().reference).not()).empty()"/>
        <xpath value="not(exists(for $id in f:contained/*/@id return $id[not(ancestor::f:contained/parent::*/descendant::f:reference/@value=concat(&#39;#&#39;, $id))]))"/>
        <source value="DomainResource"/>
      </constraint>
      <constraint>
        <key value="vsd-5"/>
        <severity value="error"/>
        <human value="Value set SHALL contain at least one of a a compose, or an expansion element"/>
        <expression value="compose.exists() or expansion.exists()"/>
        <xpath value="exists(f:compose) or exists(f:expansion)"/>
        <source value="ValueSet"/>
      </constraint>
      <mapping>
        <identity value="rim"/>
        <map value="Entity. Role, or Act"/>
      </mapping>
      <mapping>
        <identity value="rim"/>
        <map value="N/A"/>
      </mapping>
      <mapping>
        <identity value="w5"/>
        <map value="conformance.terminology"/>
      </mapping>
    </element>
    <element id="ValueSet:shareablevalueset.id">
      <path value="ValueSet.id"/>
      <short value="Logical id of this artifact"/>
      <definition value="The logical id of the resource, as used in the URL for the resource. Once assigned, this value never changes."/>
      <comments value="The only time that a resource does not have an id is when it is being submitted to the server using a create operation."/>
      <min value="0"/>
      <max value="1"/>
      <base>
        <path value="Resource.id"/>
        <min value="0"/>
        <max value="1"/>
      </base>
      <type>
        <code value="id"/>
      </type>
      <isSummary value="true"/>
    </element>
    <element id="ValueSet:shareablevalueset.meta">
      <path value="ValueSet.meta"/>
      <short value="Metadata about the resource"/>
      <definition value="The metadata about the resource. This is content that is maintained by the infrastructure. Changes to the content may not always be associated with version changes to the resource."/>
      <min value="0"/>
      <max value="1"/>
      <base>
        <path value="Resource.meta"/>
        <min value="0"/>
        <max value="1"/>
      </base>
      <type>
        <code value="Meta"/>
      </type>
      <isSummary value="true"/>
    </element>
    <element id="ValueSet:shareablevalueset.implicitRules">
      <path value="ValueSet.implicitRules"/>
      <short value="A set of rules under which this content was created"/>
      <definition value="A reference to a set of rules that were followed when the resource was constructed, and which must be understood when processing the content."/>
      <comments value="Asserting this rule set restricts the content to be only understood by a limited set of trading partners. This inherently limits the usefulness of the data in the long term. However, the existing health eco-system is highly fractured, and not yet ready to define, collect, and exchange data in a generally computable sense. Wherever possible, implementers and/or specification writers should avoid using this element as much as possible."/>
      <min value="0"/>
      <max value="1"/>
      <base>
        <path value="Resource.implicitRules"/>
        <min value="0"/>
        <max value="1"/>
      </base>
      <type>
        <code value="uri"/>
      </type>
      <isModifier value="true"/>
      <isSummary value="true"/>
    </element>
    <element id="ValueSet:shareablevalueset.language">
      <path value="ValueSet.language"/>
      <short value="Language of the resource content"/>
      <definition value="The base language in which the resource is written."/>
      <comments value="Language is provided to support indexing and accessibility (typically, services such as text to speech use the language tag). The html language tag in the narrative applies  to the narrative. The language tag on the resource may be used to specify the language of other presentations generated from the data in the resource  Not all the content has to be in the base language. The Resource.language should not be assumed to apply to the narrative automatically. If a language is specified, it should it also be specified on the div element in the html (see rules in HTML5 for information about the relationship between xml:lang and the html lang attribute)."/>
      <min value="0"/>
      <max value="1"/>
      <base>
        <path value="Resource.language"/>
        <min value="0"/>
        <max value="1"/>
      </base>
      <type>
        <code value="code"/>
      </type>
      <binding>
        <extension url="http://hl7.org/fhir/StructureDefinition/elementdefinition-maxValueSet">
          <valueReference>
            <reference value="http://hl7.org/fhir/ValueSet/all-languages"/>
          </valueReference>
        </extension>
        <strength value="extensible"/>
        <description value="A human language."/>
        <valueSetReference>
          <reference value="http://hl7.org/fhir/ValueSet/languages"/>
        </valueSetReference>
      </binding>
    </element>
    <element id="ValueSet:shareablevalueset.text">
      <path value="ValueSet.text"/>
      <short value="Text summary of the resource, for human interpretation"/>
      <definition value="A human-readable narrative that contains a summary of the resource, and may be used to represent the content of the resource to a human. The narrative need not encode all the structured data, but is required to contain sufficient detail to make it &quot;clinically safe&quot; for a human to just read the narrative. Resource definitions may define what content should be represented in the narrative to ensure clinical safety."/>
      <comments value="Contained resources do not have narrative. Resources that are not contained SHOULD have a narrative. In some cases, a resource may only have text with little or no additional discrete data (as long as all minOccurs=1 elements are satisfied).  This may be necessary for data from legacy systems where information is captured as a &quot;text blob&quot; or where text is additionally entered raw or narrated and encoded in formation is added later."/>
      <alias value="narrative"/>
      <alias value="html"/>
      <alias value="xhtml"/>
      <alias value="display"/>
      <min value="0"/>
      <max value="1"/>
      <base>
        <path value="DomainResource.text"/>
        <min value="0"/>
        <max value="1"/>
      </base>
      <type>
        <code value="Narrative"/>
      </type>
      <condition value="dom-1"/>
      <mapping>
        <identity value="rim"/>
        <map value="Act.text?"/>
      </mapping>
    </element>
    <element id="ValueSet:shareablevalueset.contained">
      <path value="ValueSet.contained"/>
      <short value="Contained, inline Resources"/>
      <definition value="These resources do not have an independent existence apart from the resource that contains them - they cannot be identified independently, and nor can they have their own independent transaction scope."/>
      <comments value="This should never be done when the content can be identified properly, as once identification is lost, it is extremely difficult (and context dependent) to restore it again."/>
      <alias value="inline resources"/>
      <alias value="anonymous resources"/>
      <alias value="contained resources"/>
      <min value="0"/>
      <max value="*"/>
      <base>
        <path value="DomainResource.contained"/>
        <min value="0"/>
        <max value="*"/>
      </base>
      <type>
        <code value="Resource"/>
      </type>
      <mapping>
        <identity value="rim"/>
        <map value="N/A"/>
      </mapping>
    </element>
    <element id="ValueSet:shareablevalueset.extension">
      <path value="ValueSet.extension"/>
      <short value="Additional Content defined by implementations"/>
      <definition value="May be used to represent additional information that is not part of the basic definition of the resource. In order to make the use of extensions safe and manageable, there is a strict set of governance  applied to the definition and use of extensions. Though any implementer is allowed to define an extension, there is a set of requirements that SHALL be met as part of the definition of the extension."/>
      <comments value="There can be no stigma associated with the use of extensions by any application, project, or standard - regardless of the institution or jurisdiction that uses or defines the extensions.  The use of extensions is what allows the FHIR specification to retain a core level of simplicity for everyone."/>
      <alias value="extensions"/>
      <alias value="user content"/>
      <min value="0"/>
      <max value="*"/>
      <base>
        <path value="DomainResource.extension"/>
        <min value="0"/>
        <max value="*"/>
      </base>
      <type>
        <code value="Extension"/>
      </type>
      <mapping>
        <identity value="rim"/>
        <map value="N/A"/>
      </mapping>
    </element>
    <element id="ValueSet:shareablevalueset.modifierExtension">
      <path value="ValueSet.modifierExtension"/>
      <short value="Extensions that cannot be ignored"/>
      <definition value="May be used to represent additional information that is not part of the basic definition of the resource, and that modifies the understanding of the element that contains it. Usually modifier elements provide negation or qualification. In order to make the use of extensions safe and manageable, there is a strict set of governance applied to the definition and use of extensions. Though any implementer is allowed to define an extension, there is a set of requirements that SHALL be met as part of the definition of the extension. Applications processing a resource are required to check for modifier extensions."/>
      <comments value="There can be no stigma associated with the use of extensions by any application, project, or standard - regardless of the institution or jurisdiction that uses or defines the extensions.  The use of extensions is what allows the FHIR specification to retain a core level of simplicity for everyone."/>
      <alias value="extensions"/>
      <alias value="user content"/>
      <min value="0"/>
      <max value="*"/>
      <base>
        <path value="DomainResource.modifierExtension"/>
        <min value="0"/>
        <max value="*"/>
      </base>
      <type>
        <code value="Extension"/>
      </type>
      <isModifier value="true"/>
      <mapping>
        <identity value="rim"/>
        <map value="N/A"/>
      </mapping>
    </element>
    <element id="ValueSet:shareablevalueset.url">
      <path value="ValueSet.url"/>
      <short value="Logical uri to reference this value set (globally unique)"/>
      <definition value="An absolute URL that is used to identify this value set when it is referenced in a specification, model, design or an instance. This SHALL be a URL, SHOULD be globally unique, and SHOULD be an address at which this value set is (or will be) published. The URL SHOULD include the major version of the value set. For more information see [Technical and Business Versions](resource.html#versions)."/>
      <comments value="Can be a urn:uuid: or a urn:oid:, but real http: addresses are preferred."/>
      <requirements value="Allows the value set to be referenced by a single globally unique identifier."/>
      <min value="1"/>
      <max value="1"/>
      <base>
        <path value="ValueSet.url"/>
        <min value="0"/>
        <max value="1"/>
      </base>
      <type>
        <code value="uri"/>
      </type>
      <isSummary value="true"/>
      <mapping>
        <identity value="rim"/>
        <map value="N/A"/>
      </mapping>
      <mapping>
        <identity value="w5"/>
        <map value="id"/>
      </mapping>
    </element>
    <element id="ValueSet:shareablevalueset.identifier">
      <path value="ValueSet.identifier"/>
      <short value="Additional identifier for the value set"/>
      <definition value="A formal identifier that is used to identify this value set when it is represented in other formats, or referenced in a specification, model, design or an instance."/>
      <comments value="Typically, this is used for identifiers that can go in an HL7 v3 II data type - e.g. to identify this value set outside of FHIR, where the logical URL is not possible to use."/>
      <requirements value="Allows externally provided and/or useable business identifiers to be easily associated with the module."/>
      <min value="0"/>
      <max value="*"/>
      <base>
        <path value="ValueSet.identifier"/>
        <min value="0"/>
        <max value="*"/>
      </base>
      <type>
        <code value="Identifier"/>
      </type>
      <isSummary value="true"/>
      <mapping>
        <identity value="define.xml2.0"/>
        <map value="Identifier part"/>
      </mapping>
      <mapping>
        <identity value="objimpl"/>
        <map value="no-gen-base"/>
      </mapping>
      <mapping>
        <identity value="w5"/>
        <map value="id"/>
      </mapping>
    </element>
    <element id="ValueSet:shareablevalueset.version">
      <path value="ValueSet.version"/>
      <short value="Business version of the value set"/>
      <definition value="The identifier that is used to identify this version of the value set when it is referenced in a specification, model, design or instance. This is an arbitrary value managed by the value set author and is not expected to be globally unique. For example, it might be a timestamp (e.g. yyyymmdd) if a managed version is not available. There is also no expectation that versions are orderable."/>
      <comments value="There may be multiple different instances of a value set that have the same identifier but different versions."/>
      <min value="1"/>
      <max value="1"/>
      <base>
        <path value="ValueSet.version"/>
        <min value="0"/>
        <max value="1"/>
      </base>
      <type>
        <code value="string"/>
      </type>
      <isSummary value="true"/>
      <mapping>
        <identity value="w5"/>
        <map value="id.version"/>
      </mapping>
    </element>
    <element id="ValueSet:shareablevalueset.name">
      <path value="ValueSet.name"/>
      <short value="Name for this value set (Computer friendly)"/>
      <definition value="A natural language name identifying the value set. This name should be usable as an identifier for the module by machine processing applications such as code generation."/>
      <comments value="The name is not expected to be globally unique. The name should be a simple alpha-numeric type name to ensure it is computable friendly. A name should be provided unless the value set is a contained resource (e.g. an anonymous value set in a profile). Most registries will require a name."/>
      <requirements value="Support human navigation &amp; code generation."/>
      <min value="1"/>
      <max value="1"/>
      <base>
        <path value="ValueSet.name"/>
        <min value="0"/>
        <max value="1"/>
      </base>
      <type>
        <code value="string"/>
      </type>
      <isSummary value="true"/>
    </element>
    <element id="ValueSet:shareablevalueset.title">
      <path value="ValueSet.title"/>
      <short value="Name for this value set (Human friendly)"/>
      <definition value="A short, descriptive, user-friendly title for the value set."/>
      <min value="0"/>
      <max value="1"/>
      <base>
        <path value="ValueSet.title"/>
        <min value="0"/>
        <max value="1"/>
      </base>
      <type>
        <code value="string"/>
      </type>
      <isSummary value="true"/>
    </element>
    <element id="ValueSet:shareablevalueset.status">
      <path value="ValueSet.status"/>
      <short value="draft | active | retired"/>
      <definition value="The status of this value set. Enables tracking the life-cycle of the content."/>
      <comments value="Allows filtering of value set that are appropriate for use vs. not."/>
      <min value="1"/>
      <max value="1"/>
      <base>
        <path value="ValueSet.status"/>
        <min value="1"/>
        <max value="1"/>
      </base>
      <type>
        <code value="code"/>
      </type>
      <isModifier value="true"/>
      <isSummary value="true"/>
      <binding>
        <strength value="required"/>
        <description value="The lifecycle status of a Value Set or Concept Map."/>
        <valueSetReference>
          <reference value="http://hl7.org/fhir/ValueSet/publication-status"/>
        </valueSetReference>
      </binding>
      <mapping>
        <identity value="w5"/>
        <map value="status"/>
      </mapping>
      <mapping>
        <identity value="rim"/>
        <map value="N/A"/>
      </mapping>
    </element>
    <element id="ValueSet:shareablevalueset.experimental">
      <path value="ValueSet.experimental"/>
      <short value="If for testing purposes, not real usage"/>
      <definition value="A flag to indicate that this value set is authored for testing purposes (or education/evaluation/marketing), and is not intended to be used for genuine usage."/>
      <comments value="Allows filtering of value set that are appropriate for use vs. not."/>
      <requirements value="Enables experimental content to be developed following the same life-cycle as a production-level value set would."/>
      <min value="1"/>
      <max value="1"/>
      <base>
        <path value="ValueSet.experimental"/>
        <min value="0"/>
        <max value="1"/>
      </base>
      <type>
        <code value="boolean"/>
      </type>
      <isModifier value="true"/>
      <isSummary value="true"/>
      <mapping>
        <identity value="w5"/>
        <map value="class"/>
      </mapping>
    </element>
    <element id="ValueSet:shareablevalueset.publisher">
      <path value="ValueSet.publisher"/>
      <short value="Name of the publisher (Organization or individual)"/>
      <definition value="The name of the individual or organization that published the value set."/>
      <comments value="Usually an organization, but may be an individual. The publisher (or steward) of the value set is the organization or individual primarily responsible for the maintenance and upkeep of the value set. This is not necessarily the same individual or organization that developed and initially authored the content. The publisher is the primary point of contact for questions or issues with the value set. This item SHOULD be populated unless the information is available from context."/>
      <requirements value="Helps establish the &quot;authority/credibility&quot; of the value set.  May also allow for contact."/>
      <alias value="steward"/>
      <min value="1"/>
      <max value="1"/>
      <base>
        <path value="ValueSet.publisher"/>
        <min value="0"/>
        <max value="1"/>
      </base>
      <type>
        <code value="string"/>
      </type>
      <isSummary value="true"/>
      <mapping>
        <identity value="w5"/>
        <map value="who.witness"/>
      </mapping>
    </element>
    <element id="ValueSet:shareablevalueset.contact">
      <path value="ValueSet.contact"/>
      <short value="Contact details for the publisher"/>
      <definition value="Contact details to assist a user in finding and communicating with the publisher."/>
      <comments value="May be a web site, an email address, a telephone number, etc."/>
      <min value="0"/>
      <max value="*"/>
      <base>
        <path value="ValueSet.contact"/>
        <min value="0"/>
        <max value="*"/>
      </base>
      <type>
        <code value="ContactDetail"/>
      </type>
      <isSummary value="true"/>
    </element>
    <element id="ValueSet:shareablevalueset.date">
      <path value="ValueSet.date"/>
      <short value="Date this was last changed"/>
      <definition value="The date  (and optionally time) when the value set was published. The date must change when the business version changes, if it does, and it must change if the status code changes. In addition, it should change when the substantive content of the value set changes. (e.g. the &#39;content logical definition&#39;)."/>
      <comments value="Note that this is not the same as the resource last-modified-date, since the resource may be a secondary representation of the value set. Additional specific dates may be added as extensions."/>
      <min value="0"/>
      <max value="1"/>
      <base>
        <path value="ValueSet.date"/>
        <min value="0"/>
        <max value="1"/>
      </base>
      <type>
        <code value="dateTime"/>
      </type>
      <isSummary value="true"/>
      <mapping>
        <identity value="rim"/>
        <map value="N/A"/>
      </mapping>
      <mapping>
        <identity value="w5"/>
        <map value="when.recorded"/>
      </mapping>
    </element>
    <element id="ValueSet:shareablevalueset.description">
      <path value="ValueSet.description"/>
      <short value="Natural language description of the value set"/>
      <definition value="A free text natural language description of the value set from the consumer&#39;s perspective."/>
      <comments value="This description can be used to capture details such as why the value set was built, comments about misuse, instructions for clinical use and interpretation, literature references, examples from the paper world, etc. It is not a rendering of the module as conveyed in the text field of the resource itself. This item SHOULD be populated unless the information is available from context. The description is not intended to describe the semantics of the Value Set - there are no intrinsic semantics separate from the codes contained in its expansion. The description should capture its intended use, which is needed for ensuring integrity for its use in models across future changes. A description should be provided unless the value set is a contained resource (e.g. an anonymous value set in a profile). Most registries will require a description."/>
      <alias value="Scope"/>
      <alias value="Purpose"/>
      <alias value="scope"/>
      <min value="1"/>
      <max value="1"/>
      <base>
        <path value="ValueSet.description"/>
        <min value="0"/>
        <max value="1"/>
      </base>
      <type>
        <code value="markdown"/>
      </type>
      <mapping>
        <identity value="rim"/>
        <map value="N/A"/>
      </mapping>
    </element>
    <element id="ValueSet:shareablevalueset.useContext">
      <path value="ValueSet.useContext"/>
      <short value="Content intends to support these contexts"/>
      <definition value="The content was developed with a focus and intent of supporting the contexts that are listed. These terms may be used to assist with indexing and searching of code system definitions."/>
      <comments value="When multiple usageContexts are specified, this means that all the contexts are applicable to this context. For example, if a gender and age group is specified, a patient must match the specified gender and age group for the asset to be considered applicable."/>
      <requirements value="Assist in searching for appropriate content."/>
      <min value="0"/>
      <max value="*"/>
      <base>
        <path value="ValueSet.useContext"/>
        <min value="0"/>
        <max value="*"/>
      </base>
      <type>
        <code value="UsageContext"/>
      </type>
      <isSummary value="true"/>
    </element>
    <element id="ValueSet:shareablevalueset.jurisdiction">
      <path value="ValueSet.jurisdiction"/>
      <short value="Intended jurisdiction for value set (if applicable)"/>
      <definition value="A jurisdiction in which the value set is intended to be used."/>
      <min value="0"/>
      <max value="*"/>
      <base>
        <path value="ValueSet.jurisdiction"/>
        <min value="0"/>
        <max value="*"/>
      </base>
      <type>
        <code value="CodeableConcept"/>
      </type>
      <isSummary value="true"/>
      <binding>
        <strength value="extensible"/>
        <description value="Countries and regions within which this artifact is targeted for use"/>
        <valueSetReference>
          <reference value="http://hl7.org/fhir/ValueSet/jurisdiction"/>
        </valueSetReference>
      </binding>
    </element>
    <element id="ValueSet:shareablevalueset.immutable">
      <path value="ValueSet.immutable"/>
      <short value="Indicates whether or not any change to the content logical definition may occur"/>
      <definition value="If this is set to &#39;true&#39;, then no new versions of the content logical definition can be created.  Note: Other metadata might still change."/>
      <comments value="Normally immutability is set to &#39;false&#39;, which is the default assumption if it is not populated.  Note that the implication is that if this is set to &#39;true&#39;, there may be only one ValueSet version for this definition. Immutability tends to be set to &#39;true&#39; in one of two cases: - Where the value set, by the nature of its usage, cannot change.  For example &quot;All specializations of ACT in ActClassCode&quot; - Where there&#39;s no safe way to express the &quot;Purpose&quot; such that someone else could safely make changes to the value set definition. Source workflow control must guarantee that the same URI always yields the same definition."/>
      <min value="0"/>
      <max value="1"/>
      <base>
        <path value="ValueSet.immutable"/>
        <min value="0"/>
        <max value="1"/>
      </base>
      <type>
        <code value="boolean"/>
      </type>
      <isSummary value="true"/>
    </element>
    <element id="ValueSet:shareablevalueset.purpose">
      <path value="ValueSet.purpose"/>
      <short value="Why this value set is defined"/>
      <definition value="Explains why this value set is needed and why it has been designed as it has."/>
      <comments value="This element does not describe the usage of the value set (See, e.g, the comments element, or relatedArtifacts), rather it&#39;s for traceability of &#39;&#39;why&#39;&#39; the resource is either needed or &#39;&#39;why&#39;&#39; it is defined as it is.  This may be used to point to source materials or specifications that drove the structure of this value set."/>
      <min value="0"/>
      <max value="1"/>
      <base>
        <path value="ValueSet.purpose"/>
        <min value="0"/>
        <max value="1"/>
      </base>
      <type>
        <code value="markdown"/>
      </type>
      <mapping>
        <identity value="objimpl"/>
        <map value="no-gen-base"/>
      </mapping>
      <mapping>
        <identity value="w5"/>
        <map value="why"/>
      </mapping>
    </element>
    <element id="ValueSet:shareablevalueset.copyright">
      <path value="ValueSet.copyright"/>
      <short value="Use and/or publishing restrictions"/>
      <definition value="A copyright statement relating to the value set and/or its contents. Copyright statements are generally legal restrictions on the use and publishing of the value set."/>
      <comments value="null Frequently, the copyright differs between the value set and the codes that are included. The copyright statement should clearly differentiate between these when required."/>
      <requirements value="Consumers of the library must be able to determine any legal restrictions on the use of the value set and/or its content."/>
      <alias value="License"/>
      <alias value="Restrictions"/>
      <min value="0"/>
      <max value="1"/>
      <base>
        <path value="ValueSet.copyright"/>
        <min value="0"/>
        <max value="1"/>
      </base>
      <type>
        <code value="markdown"/>
      </type>
      <mapping>
        <identity value="objimpl"/>
        <map value="no-gen-base"/>
      </mapping>
    </element>
    <element id="ValueSet:shareablevalueset.extensible">
      <path value="ValueSet.extensible"/>
      <short value="Whether this is intended to be used with an extensible binding"/>
      <definition value="Whether this is intended to be used with an extensible binding or not."/>
      <requirements value="It is not required to say whether this intent applies."/>
      <min value="0"/>
      <max value="1"/>
      <base>
        <path value="ValueSet.extensible"/>
        <min value="0"/>
        <max value="1"/>
      </base>
      <type>
        <code value="boolean"/>
      </type>
      <isSummary value="true"/>
    </element>
    <element id="ValueSet:shareablevalueset.compose">
      <path value="ValueSet.compose"/>
      <short value="Definition of the content of the value set (CLD)"/>
      <definition value="A set of criteria that define the content logical definition of the value set by including or excluding codes from outside this value set. This I also known as the &quot;Content Logical Definition&quot; (CLD)."/>
      <alias value="Content Logical Definition"/>
      <min value="0"/>
      <max value="1"/>
      <base>
        <path value="ValueSet.compose"/>
        <min value="0"/>
        <max value="1"/>
      </base>
      <type>
        <code value="BackboneElement"/>
      </type>
      <condition value="vsd-5"/>
      <constraint>
        <key value="ele-1"/>
        <severity value="error"/>
        <human value="All FHIR elements must have a @value or children"/>
        <expression value="children().count() &gt; id.count()"/>
        <xpath value="@value|f:*|h:div"/>
        <source value="Element"/>
      </constraint>
    </element>
    <element id="ValueSet:shareablevalueset.compose.id">
      <path value="ValueSet.compose.id"/>
      <representation value="xmlAttr"/>
      <short value="xml:id (or equivalent in JSON)"/>
      <definition value="unique id for the element within a resource (for internal references). This may be any string value that does not contain spaces."/>
      <min value="0"/>
      <max value="1"/>
      <base>
        <path value="Element.id"/>
        <min value="0"/>
        <max value="1"/>
      </base>
      <type>
        <code value="string"/>
      </type>
      <mapping>
        <identity value="rim"/>
        <map value="n/a"/>
      </mapping>
    </element>
    <element id="ValueSet:shareablevalueset.compose.extension">
      <path value="ValueSet.compose.extension"/>
      <short value="Additional Content defined by implementations"/>
      <definition value="May be used to represent additional information that is not part of the basic definition of the element. In order to make the use of extensions safe and manageable, there is a strict set of governance  applied to the definition and use of extensions. Though any implementer is allowed to define an extension, there is a set of requirements that SHALL be met as part of the definition of the extension."/>
      <comments value="There can be no stigma associated with the use of extensions by any application, project, or standard - regardless of the institution or jurisdiction that uses or defines the extensions.  The use of extensions is what allows the FHIR specification to retain a core level of simplicity for everyone."/>
      <alias value="extensions"/>
      <alias value="user content"/>
      <min value="0"/>
      <max value="*"/>
      <base>
        <path value="Element.extension"/>
        <min value="0"/>
        <max value="*"/>
      </base>
      <type>
        <code value="Extension"/>
      </type>
      <mapping>
        <identity value="rim"/>
        <map value="n/a"/>
      </mapping>
    </element>
    <element id="ValueSet:shareablevalueset.compose.modifierExtension">
      <path value="ValueSet.compose.modifierExtension"/>
      <short value="Extensions that cannot be ignored"/>
      <definition value="May be used to represent additional information that is not part of the basic definition of the element, and that modifies the understanding of the element that contains it. Usually modifier elements provide negation or qualification. In order to make the use of extensions safe and manageable, there is a strict set of governance applied to the definition and use of extensions. Though any implementer is allowed to define an extension, there is a set of requirements that SHALL be met as part of the definition of the extension. Applications processing a resource are required to check for modifier extensions."/>
      <comments value="There can be no stigma associated with the use of extensions by any application, project, or standard - regardless of the institution or jurisdiction that uses or defines the extensions.  The use of extensions is what allows the FHIR specification to retain a core level of simplicity for everyone."/>
      <alias value="extensions"/>
      <alias value="user content"/>
      <alias value="modifiers"/>
      <min value="0"/>
      <max value="*"/>
      <base>
        <path value="BackboneElement.modifierExtension"/>
        <min value="0"/>
        <max value="*"/>
      </base>
      <type>
        <code value="Extension"/>
      </type>
      <isModifier value="true"/>
      <isSummary value="true"/>
      <mapping>
        <identity value="rim"/>
        <map value="N/A"/>
      </mapping>
    </element>
    <element id="ValueSet:shareablevalueset.compose.lockedDate">
      <path value="ValueSet.compose.lockedDate"/>
      <short value="Fixed date for all referenced code systems and value sets"/>
      <definition value="If a locked date is defined, then the Content Logical Definition must be evaluated using the current version of all referenced code system(s) and value set instances as of the locked date."/>
      <comments value="With a defined lockedDate the value set is considered &quot;Locked&quot;. Otherwise, the value set may have different expansions as underlying code systems and/or value sets evolve.  The interpretation of lockedDate is often dependent on the context - e.g. a SNOMED CT derived value set with a lockedDate will have a different expansion in USA than in UK.  If a value set specifies a version for include and exclude statements, and also specifies a locked date, the specified versions need to be available that date, or the value set will not be usable."/>
      <min value="0"/>
      <max value="1"/>
      <base>
        <path value="ValueSet.compose.lockedDate"/>
        <min value="0"/>
        <max value="1"/>
      </base>
      <type>
        <code value="date"/>
      </type>
      <isSummary value="true"/>
      <mapping>
        <identity value="w5"/>
        <map value="when.init"/>
      </mapping>
    </element>
    <element id="ValueSet:shareablevalueset.compose.include">
      <extension url="http://hl7.org/fhir/StructureDefinition/structuredefinition-explicit-type-name">
        <valueString value="ConceptSet"/>
      </extension>
      <path value="ValueSet.compose.include"/>
      <short value="Include one or more codes from a code system or other value set(s)"/>
      <definition value="Include one or more codes from a code system or other value set(s)."/>
      <comments value="All the conditions in an include must be true. If a system is listed, all the codes from the system are listed. If one or more filters are listed, all of the filters must apply. If one or more value sets are listed, the codes must be in all the value sets. E.g. each include is &#39;include all the codes that meet all these conditions&#39;."/>
      <min value="1"/>
      <max value="*"/>
      <base>
        <path value="ValueSet.compose.include"/>
        <min value="1"/>
        <max value="*"/>
      </base>
      <type>
        <code value="BackboneElement"/>
      </type>
      <constraint>
        <key value="ele-1"/>
        <severity value="error"/>
        <human value="All FHIR elements must have a @value or children"/>
        <expression value="children().count() &gt; id.count()"/>
        <xpath value="@value|f:*|h:div"/>
        <source value="Element"/>
      </constraint>
      <constraint>
        <key value="vsd-2"/>
        <severity value="error"/>
        <human value="A value set with concepts or filters SHALL include a system"/>
        <expression value="(concept.exists() or filter.exists()) implies system.exists()"/>
        <xpath value="(not(exists(f:concept) or exists(f:filter)) or exists(f:system)"/>
      </constraint>
      <constraint>
        <key value="vsd-3"/>
        <severity value="error"/>
        <human value="Cannot have both concept and filter"/>
        <expression value="concept.empty() or filter.empty()"/>
        <xpath value="not(exists(f:concept)) or not(exists(f:filter))"/>
      </constraint>
      <constraint>
        <key value="vsd-1"/>
        <severity value="error"/>
        <human value="A value set include/exclude SHALL have a value set or a system"/>
        <expression value="valueSet.exists() or system.exists()"/>
        <xpath value="exists(f:valueSet) or exists(f:system)"/>
      </constraint>
      <isSummary value="true"/>
      <mapping>
        <identity value="rim"/>
        <map value="N/A"/>
      </mapping>
    </element>
    <element id="ValueSet:shareablevalueset.compose.include.id">
      <path value="ValueSet.compose.include.id"/>
      <representation value="xmlAttr"/>
      <short value="xml:id (or equivalent in JSON)"/>
      <definition value="unique id for the element within a resource (for internal references). This may be any string value that does not contain spaces."/>
      <min value="0"/>
      <max value="1"/>
      <base>
        <path value="Element.id"/>
        <min value="0"/>
        <max value="1"/>
      </base>
      <type>
        <code value="string"/>
      </type>
      <mapping>
        <identity value="rim"/>
        <map value="n/a"/>
      </mapping>
    </element>
    <element id="ValueSet:shareablevalueset.compose.include.extension">
      <path value="ValueSet.compose.include.extension"/>
      <short value="Additional Content defined by implementations"/>
      <definition value="May be used to represent additional information that is not part of the basic definition of the element. In order to make the use of extensions safe and manageable, there is a strict set of governance  applied to the definition and use of extensions. Though any implementer is allowed to define an extension, there is a set of requirements that SHALL be met as part of the definition of the extension."/>
      <comments value="There can be no stigma associated with the use of extensions by any application, project, or standard - regardless of the institution or jurisdiction that uses or defines the extensions.  The use of extensions is what allows the FHIR specification to retain a core level of simplicity for everyone."/>
      <alias value="extensions"/>
      <alias value="user content"/>
      <min value="0"/>
      <max value="*"/>
      <base>
        <path value="Element.extension"/>
        <min value="0"/>
        <max value="*"/>
      </base>
      <type>
        <code value="Extension"/>
      </type>
      <mapping>
        <identity value="rim"/>
        <map value="n/a"/>
      </mapping>
    </element>
    <element id="ValueSet:shareablevalueset.compose.include.modifierExtension">
      <path value="ValueSet.compose.include.modifierExtension"/>
      <short value="Extensions that cannot be ignored"/>
      <definition value="May be used to represent additional information that is not part of the basic definition of the element, and that modifies the understanding of the element that contains it. Usually modifier elements provide negation or qualification. In order to make the use of extensions safe and manageable, there is a strict set of governance applied to the definition and use of extensions. Though any implementer is allowed to define an extension, there is a set of requirements that SHALL be met as part of the definition of the extension. Applications processing a resource are required to check for modifier extensions."/>
      <comments value="There can be no stigma associated with the use of extensions by any application, project, or standard - regardless of the institution or jurisdiction that uses or defines the extensions.  The use of extensions is what allows the FHIR specification to retain a core level of simplicity for everyone."/>
      <alias value="extensions"/>
      <alias value="user content"/>
      <alias value="modifiers"/>
      <min value="0"/>
      <max value="*"/>
      <base>
        <path value="BackboneElement.modifierExtension"/>
        <min value="0"/>
        <max value="*"/>
      </base>
      <type>
        <code value="Extension"/>
      </type>
      <isModifier value="true"/>
      <isSummary value="true"/>
      <mapping>
        <identity value="rim"/>
        <map value="N/A"/>
      </mapping>
    </element>
    <element id="ValueSet:shareablevalueset.compose.include.system">
      <path value="ValueSet.compose.include.system"/>
      <short value="The system the codes come from"/>
      <definition value="An absolute URI which is the code system from which the selected codes come from."/>
      <comments value="If there are no codes or filters, the entire code system is included. Note that the set of codes that are included may contain abstract codes. See &#39;&#39;Coding.system&#39;&#39; for further documentation about the correct value for the system element."/>
      <min value="0"/>
      <max value="1"/>
      <base>
        <path value="ValueSet.compose.include.system"/>
        <min value="0"/>
        <max value="1"/>
      </base>
      <type>
        <code value="uri"/>
      </type>
      <condition value="vsd-1"/>
      <condition value="vsd-2"/>
      <isSummary value="true"/>
      <mapping>
        <identity value="define.xml2.0"/>
        <map value="ODM/Study/MetaDataVersion/CodeList/ExternalCodeList/Href"/>
      </mapping>
      <mapping>
        <identity value="rim"/>
        <map value="N/A"/>
      </mapping>
    </element>
    <element id="ValueSet:shareablevalueset.compose.include.version">
      <path value="ValueSet.compose.include.version"/>
      <short value="Specific version of the code system referred to"/>
      <definition value="The version of the code system that the codes are selected from."/>
      <comments value="This is used when selecting the descendants of a concept - they may change between versions. If no version is specified, then the exact contents of the value set may not be known until a context of use binds it to a particular version."/>
      <min value="0"/>
      <max value="1"/>
      <base>
        <path value="ValueSet.compose.include.version"/>
        <min value="0"/>
        <max value="1"/>
      </base>
      <type>
        <code value="string"/>
      </type>
      <isSummary value="true"/>
      <mapping>
        <identity value="define.xml2.0"/>
        <map value="ODM/Study/MetaDataVersion/CodeList/ExternalCodeList/Version"/>
      </mapping>
      <mapping>
        <identity value="rim"/>
        <map value="N/A"/>
      </mapping>
    </element>
    <element id="ValueSet:shareablevalueset.compose.include.concept">
      <extension url="http://hl7.org/fhir/StructureDefinition/structuredefinition-explicit-type-name">
        <valueString value="ConceptReference"/>
      </extension>
      <path value="ValueSet.compose.include.concept"/>
      <short value="A concept defined in the system"/>
      <definition value="Specifies a concept to be included or excluded."/>
      <comments value="The list of concepts is considered ordered, though the order may not have any particular significance. Typically, the order of an expansion follows that defined in the compose element."/>
      <min value="0"/>
      <max value="*"/>
      <base>
        <path value="ValueSet.compose.include.concept"/>
        <min value="0"/>
        <max value="*"/>
      </base>
      <type>
        <code value="BackboneElement"/>
      </type>
      <condition value="vsd-3"/>
      <constraint>
        <key value="ele-1"/>
        <severity value="error"/>
        <human value="All FHIR elements must have a @value or children"/>
        <expression value="children().count() &gt; id.count()"/>
        <xpath value="@value|f:*|h:div"/>
        <source value="Element"/>
      </constraint>
      <mapping>
        <identity value="rim"/>
        <map value="N/A"/>
      </mapping>
    </element>
    <element id="ValueSet:shareablevalueset.compose.include.concept.id">
      <path value="ValueSet.compose.include.concept.id"/>
      <representation value="xmlAttr"/>
      <short value="xml:id (or equivalent in JSON)"/>
      <definition value="unique id for the element within a resource (for internal references). This may be any string value that does not contain spaces."/>
      <min value="0"/>
      <max value="1"/>
      <base>
        <path value="Element.id"/>
        <min value="0"/>
        <max value="1"/>
      </base>
      <type>
        <code value="string"/>
      </type>
      <mapping>
        <identity value="rim"/>
        <map value="n/a"/>
      </mapping>
    </element>
    <element id="ValueSet:shareablevalueset.compose.include.concept.extension">
      <path value="ValueSet.compose.include.concept.extension"/>
      <short value="Additional Content defined by implementations"/>
      <definition value="May be used to represent additional information that is not part of the basic definition of the element. In order to make the use of extensions safe and manageable, there is a strict set of governance  applied to the definition and use of extensions. Though any implementer is allowed to define an extension, there is a set of requirements that SHALL be met as part of the definition of the extension."/>
      <comments value="There can be no stigma associated with the use of extensions by any application, project, or standard - regardless of the institution or jurisdiction that uses or defines the extensions.  The use of extensions is what allows the FHIR specification to retain a core level of simplicity for everyone."/>
      <alias value="extensions"/>
      <alias value="user content"/>
      <min value="0"/>
      <max value="*"/>
      <base>
        <path value="Element.extension"/>
        <min value="0"/>
        <max value="*"/>
      </base>
      <type>
        <code value="Extension"/>
      </type>
      <mapping>
        <identity value="rim"/>
        <map value="n/a"/>
      </mapping>
    </element>
    <element id="ValueSet:shareablevalueset.compose.include.concept.modifierExtension">
      <path value="ValueSet.compose.include.concept.modifierExtension"/>
      <short value="Extensions that cannot be ignored"/>
      <definition value="May be used to represent additional information that is not part of the basic definition of the element, and that modifies the understanding of the element that contains it. Usually modifier elements provide negation or qualification. In order to make the use of extensions safe and manageable, there is a strict set of governance applied to the definition and use of extensions. Though any implementer is allowed to define an extension, there is a set of requirements that SHALL be met as part of the definition of the extension. Applications processing a resource are required to check for modifier extensions."/>
      <comments value="There can be no stigma associated with the use of extensions by any application, project, or standard - regardless of the institution or jurisdiction that uses or defines the extensions.  The use of extensions is what allows the FHIR specification to retain a core level of simplicity for everyone."/>
      <alias value="extensions"/>
      <alias value="user content"/>
      <alias value="modifiers"/>
      <min value="0"/>
      <max value="*"/>
      <base>
        <path value="BackboneElement.modifierExtension"/>
        <min value="0"/>
        <max value="*"/>
      </base>
      <type>
        <code value="Extension"/>
      </type>
      <isModifier value="true"/>
      <isSummary value="true"/>
      <mapping>
        <identity value="rim"/>
        <map value="N/A"/>
      </mapping>
    </element>
    <element id="ValueSet:shareablevalueset.compose.include.concept.code">
      <path value="ValueSet.compose.include.concept.code"/>
      <short value="Code or expression from system"/>
      <definition value="Specifies a code for the concept to be included or excluded."/>
      <comments value="Expressions are allowed if defined by the underlying code system."/>
      <min value="1"/>
      <max value="1"/>
      <base>
        <path value="ValueSet.compose.include.concept.code"/>
        <min value="1"/>
        <max value="1"/>
      </base>
      <type>
        <code value="code"/>
      </type>
      <mapping>
        <identity value="rim"/>
        <map value="N/A"/>
      </mapping>
    </element>
    <element id="ValueSet:shareablevalueset.compose.include.concept.display">
      <path value="ValueSet.compose.include.concept.display"/>
      <short value="Text to display for this code for this value set"/>
      <definition value="The text to display to the user for this concept in the context of this valueset. If no display is provided, then applications using the value set use the display specified for the code by the system."/>
      <comments value="The value set resource allows for an alternative display to be specified for when this concept is used in this particular value set. See notes in the value set narrative about the correct use of this element."/>
      <min value="0"/>
      <max value="1"/>
      <base>
        <path value="ValueSet.compose.include.concept.display"/>
        <min value="0"/>
        <max value="1"/>
      </base>
      <type>
        <code value="string"/>
      </type>
      <mapping>
        <identity value="rim"/>
        <map value="N/A"/>
      </mapping>
    </element>
    <element id="ValueSet:shareablevalueset.compose.include.concept.designation">
      <path value="ValueSet.compose.include.concept.designation"/>
      <short value="Additional representations for this concept"/>
      <definition value="Additional representations for this concept when used in this value set - other languages, aliases, specialized purposes, used for particular purposes, etc."/>
      <min value="0"/>
      <max value="*"/>
      <base>
        <path value="ValueSet.compose.include.concept.designation"/>
        <min value="0"/>
        <max value="*"/>
      </base>
      <type>
        <code value="BackboneElement"/>
      </type>
      <constraint>
        <key value="ele-1"/>
        <severity value="error"/>
        <human value="All FHIR elements must have a @value or children"/>
        <expression value="children().count() &gt; id.count()"/>
        <xpath value="@value|f:*|h:div"/>
        <source value="Element"/>
      </constraint>
    </element>
    <element id="ValueSet:shareablevalueset.compose.include.concept.designation.id">
      <path value="ValueSet.compose.include.concept.designation.id"/>
      <representation value="xmlAttr"/>
      <short value="xml:id (or equivalent in JSON)"/>
      <definition value="unique id for the element within a resource (for internal references). This may be any string value that does not contain spaces."/>
      <min value="0"/>
      <max value="1"/>
      <base>
        <path value="Element.id"/>
        <min value="0"/>
        <max value="1"/>
      </base>
      <type>
        <code value="string"/>
      </type>
      <mapping>
        <identity value="rim"/>
        <map value="n/a"/>
      </mapping>
    </element>
    <element id="ValueSet:shareablevalueset.compose.include.concept.designation.extension">
      <path value="ValueSet.compose.include.concept.designation.extension"/>
      <short value="Additional Content defined by implementations"/>
      <definition value="May be used to represent additional information that is not part of the basic definition of the element. In order to make the use of extensions safe and manageable, there is a strict set of governance  applied to the definition and use of extensions. Though any implementer is allowed to define an extension, there is a set of requirements that SHALL be met as part of the definition of the extension."/>
      <comments value="There can be no stigma associated with the use of extensions by any application, project, or standard - regardless of the institution or jurisdiction that uses or defines the extensions.  The use of extensions is what allows the FHIR specification to retain a core level of simplicity for everyone."/>
      <alias value="extensions"/>
      <alias value="user content"/>
      <min value="0"/>
      <max value="*"/>
      <base>
        <path value="Element.extension"/>
        <min value="0"/>
        <max value="*"/>
      </base>
      <type>
        <code value="Extension"/>
      </type>
      <mapping>
        <identity value="rim"/>
        <map value="n/a"/>
      </mapping>
    </element>
    <element id="ValueSet:shareablevalueset.compose.include.concept.designation.modifierExtension">
      <path value="ValueSet.compose.include.concept.designation.modifierExtension"/>
      <short value="Extensions that cannot be ignored"/>
      <definition value="May be used to represent additional information that is not part of the basic definition of the element, and that modifies the understanding of the element that contains it. Usually modifier elements provide negation or qualification. In order to make the use of extensions safe and manageable, there is a strict set of governance applied to the definition and use of extensions. Though any implementer is allowed to define an extension, there is a set of requirements that SHALL be met as part of the definition of the extension. Applications processing a resource are required to check for modifier extensions."/>
      <comments value="There can be no stigma associated with the use of extensions by any application, project, or standard - regardless of the institution or jurisdiction that uses or defines the extensions.  The use of extensions is what allows the FHIR specification to retain a core level of simplicity for everyone."/>
      <alias value="extensions"/>
      <alias value="user content"/>
      <alias value="modifiers"/>
      <min value="0"/>
      <max value="*"/>
      <base>
        <path value="BackboneElement.modifierExtension"/>
        <min value="0"/>
        <max value="*"/>
      </base>
      <type>
        <code value="Extension"/>
      </type>
      <isModifier value="true"/>
      <isSummary value="true"/>
      <mapping>
        <identity value="rim"/>
        <map value="N/A"/>
      </mapping>
    </element>
    <element id="ValueSet:shareablevalueset.compose.include.concept.designation.language">
      <path value="ValueSet.compose.include.concept.designation.language"/>
      <short value="Human language of the designation"/>
      <definition value="The language this designation is defined for."/>
      <comments value="In the absence of a language, the resource language applies."/>
      <min value="0"/>
      <max value="1"/>
      <base>
        <path value="ValueSet.compose.include.concept.designation.language"/>
        <min value="0"/>
        <max value="1"/>
      </base>
      <type>
        <code value="code"/>
      </type>
      <binding>
        <extension url="http://hl7.org/fhir/StructureDefinition/elementdefinition-maxValueSet">
          <valueReference>
            <reference value="http://hl7.org/fhir/ValueSet/all-languages"/>
          </valueReference>
        </extension>
        <strength value="extensible"/>
        <description value="A human language."/>
        <valueSetReference>
          <reference value="http://hl7.org/fhir/ValueSet/languages"/>
        </valueSetReference>
      </binding>
    </element>
    <element id="ValueSet:shareablevalueset.compose.include.concept.designation.use">
      <path value="ValueSet.compose.include.concept.designation.use"/>
      <short value="Details how this designation would be used"/>
      <definition value="A code that details how this designation would be used."/>
      <comments value="If no use is provided, the designation can be assumed to be suitable for general display to a human user."/>
      <min value="0"/>
      <max value="1"/>
      <base>
        <path value="ValueSet.compose.include.concept.designation.use"/>
        <min value="0"/>
        <max value="1"/>
      </base>
      <type>
        <code value="Coding"/>
      </type>
      <binding>
        <strength value="extensible"/>
        <description value="Details of how a designation would be used."/>
        <valueSetReference>
          <reference value="http://hl7.org/fhir/ValueSet/designation-use"/>
        </valueSetReference>
      </binding>
    </element>
    <element id="ValueSet:shareablevalueset.compose.include.concept.designation.value">
      <path value="ValueSet.compose.include.concept.designation.value"/>
      <short value="The text value for this designation"/>
      <definition value="The text value for this designation."/>
      <min value="1"/>
      <max value="1"/>
      <base>
        <path value="ValueSet.compose.include.concept.designation.value"/>
        <min value="1"/>
        <max value="1"/>
      </base>
      <type>
        <code value="string"/>
      </type>
    </element>
    <element id="ValueSet:shareablevalueset.compose.include.filter">
      <path value="ValueSet.compose.include.filter"/>
      <short value="Select codes/concepts by their properties (including relationships)"/>
      <definition value="Select concepts by specify a matching criteria based on the properties (including relationships) defined by the system. If multiple filters are specified, they SHALL all be true."/>
      <comments value="Selecting codes by specifying filters based on properties is only possible where the underlying code system defines appropriate properties. Note that in some cases, the underlying code system defines the logical concepts but not the literal codes for the concepts. In such cases, the literal definitions may be provided by a third party."/>
      <min value="0"/>
      <max value="*"/>
      <base>
        <path value="ValueSet.compose.include.filter"/>
        <min value="0"/>
        <max value="*"/>
      </base>
      <type>
        <code value="BackboneElement"/>
      </type>
      <condition value="vsd-3"/>
      <constraint>
        <key value="ele-1"/>
        <severity value="error"/>
        <human value="All FHIR elements must have a @value or children"/>
        <expression value="children().count() &gt; id.count()"/>
        <xpath value="@value|f:*|h:div"/>
        <source value="Element"/>
      </constraint>
      <mapping>
        <identity value="rim"/>
        <map value="N/A"/>
      </mapping>
    </element>
    <element id="ValueSet:shareablevalueset.compose.include.filter.id">
      <path value="ValueSet.compose.include.filter.id"/>
      <representation value="xmlAttr"/>
      <short value="xml:id (or equivalent in JSON)"/>
      <definition value="unique id for the element within a resource (for internal references). This may be any string value that does not contain spaces."/>
      <min value="0"/>
      <max value="1"/>
      <base>
        <path value="Element.id"/>
        <min value="0"/>
        <max value="1"/>
      </base>
      <type>
        <code value="string"/>
      </type>
      <mapping>
        <identity value="rim"/>
        <map value="n/a"/>
      </mapping>
    </element>
    <element id="ValueSet:shareablevalueset.compose.include.filter.extension">
      <path value="ValueSet.compose.include.filter.extension"/>
      <short value="Additional Content defined by implementations"/>
      <definition value="May be used to represent additional information that is not part of the basic definition of the element. In order to make the use of extensions safe and manageable, there is a strict set of governance  applied to the definition and use of extensions. Though any implementer is allowed to define an extension, there is a set of requirements that SHALL be met as part of the definition of the extension."/>
      <comments value="There can be no stigma associated with the use of extensions by any application, project, or standard - regardless of the institution or jurisdiction that uses or defines the extensions.  The use of extensions is what allows the FHIR specification to retain a core level of simplicity for everyone."/>
      <alias value="extensions"/>
      <alias value="user content"/>
      <min value="0"/>
      <max value="*"/>
      <base>
        <path value="Element.extension"/>
        <min value="0"/>
        <max value="*"/>
      </base>
      <type>
        <code value="Extension"/>
      </type>
      <mapping>
        <identity value="rim"/>
        <map value="n/a"/>
      </mapping>
    </element>
    <element id="ValueSet:shareablevalueset.compose.include.filter.modifierExtension">
      <path value="ValueSet.compose.include.filter.modifierExtension"/>
      <short value="Extensions that cannot be ignored"/>
      <definition value="May be used to represent additional information that is not part of the basic definition of the element, and that modifies the understanding of the element that contains it. Usually modifier elements provide negation or qualification. In order to make the use of extensions safe and manageable, there is a strict set of governance applied to the definition and use of extensions. Though any implementer is allowed to define an extension, there is a set of requirements that SHALL be met as part of the definition of the extension. Applications processing a resource are required to check for modifier extensions."/>
      <comments value="There can be no stigma associated with the use of extensions by any application, project, or standard - regardless of the institution or jurisdiction that uses or defines the extensions.  The use of extensions is what allows the FHIR specification to retain a core level of simplicity for everyone."/>
      <alias value="extensions"/>
      <alias value="user content"/>
      <alias value="modifiers"/>
      <min value="0"/>
      <max value="*"/>
      <base>
        <path value="BackboneElement.modifierExtension"/>
        <min value="0"/>
        <max value="*"/>
      </base>
      <type>
        <code value="Extension"/>
      </type>
      <isModifier value="true"/>
      <isSummary value="true"/>
      <mapping>
        <identity value="rim"/>
        <map value="N/A"/>
      </mapping>
    </element>
    <element id="ValueSet:shareablevalueset.compose.include.filter.property">
      <path value="ValueSet.compose.include.filter.property"/>
      <short value="A property defined by the code system"/>
      <definition value="A code that identifies a property defined in the code system."/>
      <min value="1"/>
      <max value="1"/>
      <base>
        <path value="ValueSet.compose.include.filter.property"/>
        <min value="1"/>
        <max value="1"/>
      </base>
      <type>
        <code value="code"/>
      </type>
      <mapping>
        <identity value="rim"/>
        <map value="N/A"/>
      </mapping>
    </element>
    <element id="ValueSet:shareablevalueset.compose.include.filter.op">
      <path value="ValueSet.compose.include.filter.op"/>
      <short value="= | is-a | is-not-a | regex | in | not-in | generalizes"/>
      <definition value="The kind of operation to perform as a part of the filter criteria."/>
      <min value="1"/>
      <max value="1"/>
      <base>
        <path value="ValueSet.compose.include.filter.op"/>
        <min value="1"/>
        <max value="1"/>
      </base>
      <type>
        <code value="code"/>
      </type>
      <binding>
        <strength value="required"/>
        <description value="The kind of operation to perform as a part of a property based filter."/>
        <valueSetReference>
          <reference value="http://hl7.org/fhir/ValueSet/filter-operator"/>
        </valueSetReference>
      </binding>
      <mapping>
        <identity value="rim"/>
        <map value="N/A"/>
      </mapping>
    </element>
    <element id="ValueSet:shareablevalueset.compose.include.filter.value">
      <path value="ValueSet.compose.include.filter.value"/>
      <short value="Code from the system, or regex criteria"/>
      <definition value="The match value may be either a code defined by the system, or a string value, which is a regex match on the literal string of the property value."/>
      <comments value="Use regex matching with care - full regex matching on every SNOMED CT term is prohibitive, for example."/>
      <min value="1"/>
      <max value="1"/>
      <base>
        <path value="ValueSet.compose.include.filter.value"/>
        <min value="1"/>
        <max value="1"/>
      </base>
      <type>
        <code value="code"/>
      </type>
      <mapping>
        <identity value="rim"/>
        <map value="N/A"/>
      </mapping>
    </element>
    <element id="ValueSet:shareablevalueset.compose.include.valueSet">
      <path value="ValueSet.compose.include.valueSet"/>
      <short value="Select only contents included in this value set"/>
      <definition value="Selects concepts found in this value set. This is an absolute URI that is a reference to ValueSet.url."/>
      <comments value="The value set URI is either a logical reference to a defined value set such as a [SNOMED CT reference set]{snomedct.html#implicit}, or a direct reference to a value set definition using ValueSet.url. The reference may not refer to an actual FHIR ValueSet resource; in this case, whatever is referred to is an implicit definition of a value set that needs to be clear about how versions are resolved."/>
      <min value="0"/>
      <max value="*"/>
      <base>
        <path value="ValueSet.compose.include.valueSet"/>
        <min value="0"/>
        <max value="*"/>
      </base>
      <type>
        <code value="uri"/>
      </type>
      <condition value="vsd-1"/>
      <isSummary value="true"/>
      <mapping>
        <identity value="rim"/>
        <map value="N/A"/>
      </mapping>
    </element>
    <element id="ValueSet:shareablevalueset.compose.exclude">
      <path value="ValueSet.compose.exclude"/>
      <short value="Explicitly exclude codes from a code system or other value sets"/>
      <definition value="Exclude one or more codes from the value set based on code system filters and/or other value sets."/>
      <comments value="Usually this is used to selectively exclude codes that were included by subsumption in the inclusions. Any display names specified for the codes are ignored."/>
      <min value="0"/>
      <max value="*"/>
      <base>
        <path value="ValueSet.compose.exclude"/>
        <min value="0"/>
        <max value="*"/>
      </base>
      <contentReference value="#ValueSet:shareablevalueset.compose.include"/>
      <condition value="vsd-2"/>
      <mapping>
        <identity value="rim"/>
        <map value="N/A"/>
      </mapping>
    </element>
    <element id="ValueSet:shareablevalueset.expansion">
      <path value="ValueSet.expansion"/>
      <short value="Used when the value set is &quot;expanded&quot;"/>
      <definition value="A value set can also be &quot;expanded&quot;, where the value set is turned into a simple collection of enumerated codes. This element holds the expansion, if it has been performed."/>
      <comments value="Expansion is performed to produce a collection of codes that are ready to use for data entry or validation."/>
      <min value="0"/>
      <max value="1"/>
      <base>
        <path value="ValueSet.expansion"/>
        <min value="0"/>
        <max value="1"/>
      </base>
      <type>
        <code value="BackboneElement"/>
      </type>
      <condition value="vsd-5"/>
      <constraint>
        <key value="ele-1"/>
        <severity value="error"/>
        <human value="All FHIR elements must have a @value or children"/>
        <expression value="children().count() &gt; id.count()"/>
        <xpath value="@value|f:*|h:div"/>
        <source value="Element"/>
      </constraint>
    </element>
    <element id="ValueSet:shareablevalueset.expansion.id">
      <path value="ValueSet.expansion.id"/>
      <representation value="xmlAttr"/>
      <short value="xml:id (or equivalent in JSON)"/>
      <definition value="unique id for the element within a resource (for internal references). This may be any string value that does not contain spaces."/>
      <min value="0"/>
      <max value="1"/>
      <base>
        <path value="Element.id"/>
        <min value="0"/>
        <max value="1"/>
      </base>
      <type>
        <code value="string"/>
      </type>
      <mapping>
        <identity value="rim"/>
        <map value="n/a"/>
      </mapping>
    </element>
    <element id="ValueSet:shareablevalueset.expansion.extension">
      <path value="ValueSet.expansion.extension"/>
      <short value="Additional Content defined by implementations"/>
      <definition value="May be used to represent additional information that is not part of the basic definition of the element. In order to make the use of extensions safe and manageable, there is a strict set of governance  applied to the definition and use of extensions. Though any implementer is allowed to define an extension, there is a set of requirements that SHALL be met as part of the definition of the extension."/>
      <comments value="There can be no stigma associated with the use of extensions by any application, project, or standard - regardless of the institution or jurisdiction that uses or defines the extensions.  The use of extensions is what allows the FHIR specification to retain a core level of simplicity for everyone."/>
      <alias value="extensions"/>
      <alias value="user content"/>
      <min value="0"/>
      <max value="*"/>
      <base>
        <path value="Element.extension"/>
        <min value="0"/>
        <max value="*"/>
      </base>
      <type>
        <code value="Extension"/>
      </type>
      <mapping>
        <identity value="rim"/>
        <map value="n/a"/>
      </mapping>
    </element>
    <element id="ValueSet:shareablevalueset.expansion.modifierExtension">
      <path value="ValueSet.expansion.modifierExtension"/>
      <short value="Extensions that cannot be ignored"/>
      <definition value="May be used to represent additional information that is not part of the basic definition of the element, and that modifies the understanding of the element that contains it. Usually modifier elements provide negation or qualification. In order to make the use of extensions safe and manageable, there is a strict set of governance applied to the definition and use of extensions. Though any implementer is allowed to define an extension, there is a set of requirements that SHALL be met as part of the definition of the extension. Applications processing a resource are required to check for modifier extensions."/>
      <comments value="There can be no stigma associated with the use of extensions by any application, project, or standard - regardless of the institution or jurisdiction that uses or defines the extensions.  The use of extensions is what allows the FHIR specification to retain a core level of simplicity for everyone."/>
      <alias value="extensions"/>
      <alias value="user content"/>
      <alias value="modifiers"/>
      <min value="0"/>
      <max value="*"/>
      <base>
        <path value="BackboneElement.modifierExtension"/>
        <min value="0"/>
        <max value="*"/>
      </base>
      <type>
        <code value="Extension"/>
      </type>
      <isModifier value="true"/>
      <isSummary value="true"/>
      <mapping>
        <identity value="rim"/>
        <map value="N/A"/>
      </mapping>
    </element>
    <element id="ValueSet:shareablevalueset.expansion.identifier">
      <path value="ValueSet.expansion.identifier"/>
      <short value="Uniquely identifies this expansion"/>
      <definition value="An identifier that uniquely identifies this expansion of the valueset. Systems may re-use the same identifier as long as the expansion and the definition remain the same, but are not required to do so."/>
      <comments value="Typically, this uri is a UUID (e.g. urn:uuid:8230ff20-c97a-4167-a59d-dc2cb9df16dd)."/>
      <min value="1"/>
      <max value="1"/>
      <base>
        <path value="ValueSet.expansion.identifier"/>
        <min value="1"/>
        <max value="1"/>
      </base>
      <type>
        <code value="uri"/>
      </type>
    </element>
    <element id="ValueSet:shareablevalueset.expansion.timestamp">
      <path value="ValueSet.expansion.timestamp"/>
      <short value="Time ValueSet expansion happened"/>
      <definition value="The time at which the expansion was produced by the expanding system."/>
      <comments value="This SHOULD be a fully populated instant, but in some circumstances, value sets are expanded by hand, and the expansion is published without that precision."/>
      <min value="1"/>
      <max value="1"/>
      <base>
        <path value="ValueSet.expansion.timestamp"/>
        <min value="1"/>
        <max value="1"/>
      </base>
      <type>
        <code value="dateTime"/>
      </type>
    </element>
    <element id="ValueSet:shareablevalueset.expansion.total">
      <path value="ValueSet.expansion.total"/>
      <short value="Total number of codes in the expansion"/>
      <definition value="The total number of concepts in the expansion. If the number of concept nodes in this resource is less than the stated number, then the server can return more using the offset parameter."/>
      <comments value="Paging only applies to flat expansions."/>
      <min value="0"/>
      <max value="1"/>
      <base>
        <path value="ValueSet.expansion.total"/>
        <min value="0"/>
        <max value="1"/>
      </base>
      <type>
        <code value="integer"/>
      </type>
    </element>
    <element id="ValueSet:shareablevalueset.expansion.offset">
      <path value="ValueSet.expansion.offset"/>
      <short value="Offset at which this resource starts"/>
      <definition value="If paging is being used, the offset at which this resource starts.  I.e. this resource is a partial view into the expansion. If paging is not being used, this element SHALL not be present."/>
      <comments value="Paging only applies to flat expansions. If a filter is applied, the count is the number of concepts that matched the filter, not the number of concepts in an unfiltered view of the expansion."/>
      <min value="0"/>
      <max value="1"/>
      <base>
        <path value="ValueSet.expansion.offset"/>
        <min value="0"/>
        <max value="1"/>
      </base>
      <type>
        <code value="integer"/>
      </type>
      <meaningWhenMissing value="Paging is not being used"/>
    </element>
    <element id="ValueSet:shareablevalueset.expansion.parameter">
      <path value="ValueSet.expansion.parameter"/>
      <short value="Parameter that controlled the expansion process"/>
      <definition value="A parameter that controlled the expansion process. These parameters may be used by users of expanded value sets to check whether the expansion is suitable for a particular purpose, or to pick the correct expansion."/>
      <comments value="The server decides which parameters to include here, but at a minimum, the list SHOULD include the date, filter, and profile parameters passed to the $expand operation (if any)."/>
      <min value="0"/>
      <max value="*"/>
      <base>
        <path value="ValueSet.expansion.parameter"/>
        <min value="0"/>
        <max value="*"/>
      </base>
      <type>
        <code value="BackboneElement"/>
      </type>
      <constraint>
        <key value="ele-1"/>
        <severity value="error"/>
        <human value="All FHIR elements must have a @value or children"/>
        <expression value="children().count() &gt; id.count()"/>
        <xpath value="@value|f:*|h:div"/>
        <source value="Element"/>
      </constraint>
    </element>
    <element id="ValueSet:shareablevalueset.expansion.parameter.id">
      <path value="ValueSet.expansion.parameter.id"/>
      <representation value="xmlAttr"/>
      <short value="xml:id (or equivalent in JSON)"/>
      <definition value="unique id for the element within a resource (for internal references). This may be any string value that does not contain spaces."/>
      <min value="0"/>
      <max value="1"/>
      <base>
        <path value="Element.id"/>
        <min value="0"/>
        <max value="1"/>
      </base>
      <type>
        <code value="string"/>
      </type>
      <mapping>
        <identity value="rim"/>
        <map value="n/a"/>
      </mapping>
    </element>
    <element id="ValueSet:shareablevalueset.expansion.parameter.extension">
      <path value="ValueSet.expansion.parameter.extension"/>
      <short value="Additional Content defined by implementations"/>
      <definition value="May be used to represent additional information that is not part of the basic definition of the element. In order to make the use of extensions safe and manageable, there is a strict set of governance  applied to the definition and use of extensions. Though any implementer is allowed to define an extension, there is a set of requirements that SHALL be met as part of the definition of the extension."/>
      <comments value="There can be no stigma associated with the use of extensions by any application, project, or standard - regardless of the institution or jurisdiction that uses or defines the extensions.  The use of extensions is what allows the FHIR specification to retain a core level of simplicity for everyone."/>
      <alias value="extensions"/>
      <alias value="user content"/>
      <min value="0"/>
      <max value="*"/>
      <base>
        <path value="Element.extension"/>
        <min value="0"/>
        <max value="*"/>
      </base>
      <type>
        <code value="Extension"/>
      </type>
      <mapping>
        <identity value="rim"/>
        <map value="n/a"/>
      </mapping>
    </element>
    <element id="ValueSet:shareablevalueset.expansion.parameter.modifierExtension">
      <path value="ValueSet.expansion.parameter.modifierExtension"/>
      <short value="Extensions that cannot be ignored"/>
      <definition value="May be used to represent additional information that is not part of the basic definition of the element, and that modifies the understanding of the element that contains it. Usually modifier elements provide negation or qualification. In order to make the use of extensions safe and manageable, there is a strict set of governance applied to the definition and use of extensions. Though any implementer is allowed to define an extension, there is a set of requirements that SHALL be met as part of the definition of the extension. Applications processing a resource are required to check for modifier extensions."/>
      <comments value="There can be no stigma associated with the use of extensions by any application, project, or standard - regardless of the institution or jurisdiction that uses or defines the extensions.  The use of extensions is what allows the FHIR specification to retain a core level of simplicity for everyone."/>
      <alias value="extensions"/>
      <alias value="user content"/>
      <alias value="modifiers"/>
      <min value="0"/>
      <max value="*"/>
      <base>
        <path value="BackboneElement.modifierExtension"/>
        <min value="0"/>
        <max value="*"/>
      </base>
      <type>
        <code value="Extension"/>
      </type>
      <isModifier value="true"/>
      <isSummary value="true"/>
      <mapping>
        <identity value="rim"/>
        <map value="N/A"/>
      </mapping>
    </element>
    <element id="ValueSet:shareablevalueset.expansion.parameter.name">
      <path value="ValueSet.expansion.parameter.name"/>
      <short value="Name as assigned by the server"/>
      <definition value="The name of the parameter."/>
      <comments value="The names are assigned at the discretion of the server."/>
      <min value="1"/>
      <max value="1"/>
      <base>
        <path value="ValueSet.expansion.parameter.name"/>
        <min value="1"/>
        <max value="1"/>
      </base>
      <type>
        <code value="string"/>
      </type>
    </element>
    <element id="ValueSet:shareablevalueset.expansion.parameter.value[x]">
      <path value="ValueSet.expansion.parameter.value[x]"/>
      <short value="Value of the named parameter"/>
      <definition value="The value of the parameter."/>
      <min value="0"/>
      <max value="1"/>
      <base>
        <path value="ValueSet.expansion.parameter.value[x]"/>
        <min value="0"/>
        <max value="1"/>
      </base>
      <type>
        <code value="string"/>
      </type>
      <type>
        <code value="boolean"/>
      </type>
      <type>
        <code value="integer"/>
      </type>
      <type>
        <code value="decimal"/>
      </type>
      <type>
        <code value="uri"/>
      </type>
      <type>
        <code value="code"/>
      </type>
    </element>
    <element id="ValueSet:shareablevalueset.expansion.contains">
      <path value="ValueSet.expansion.contains"/>
      <short value="Codes in the value set"/>
      <definition value="The codes that are contained in the value set expansion."/>
      <min value="0"/>
      <max value="*"/>
      <base>
        <path value="ValueSet.expansion.contains"/>
        <min value="0"/>
        <max value="*"/>
      </base>
      <type>
        <code value="BackboneElement"/>
      </type>
      <constraint>
        <key value="ele-1"/>
        <severity value="error"/>
        <human value="All FHIR elements must have a @value or children"/>
        <expression value="children().count() &gt; id.count()"/>
        <xpath value="@value|f:*|h:div"/>
        <source value="Element"/>
      </constraint>
      <constraint>
        <key value="vsd-6"/>
        <severity value="error"/>
        <human value="SHALL have a code or a display"/>
        <expression value="code.exists() or display.exists()"/>
        <xpath value="exists(f:code) or exists(f:display)"/>
      </constraint>
      <constraint>
        <key value="vsd-9"/>
        <severity value="error"/>
        <human value="Must have a code if not abstract"/>
        <expression value="code.exists() or abstract = true"/>
        <xpath value="exists(f:code) or (f:abstract/@value = true())"/>
      </constraint>
      <constraint>
        <key value="vsd-10"/>
        <severity value="error"/>
        <human value="Must have a system if a code is present"/>
        <expression value="code.empty() or system.exists()"/>
        <xpath value="exists(f:system) or not(exists(f:code))"/>
      </constraint>
    </element>
    <element id="ValueSet:shareablevalueset.expansion.contains.id">
      <path value="ValueSet.expansion.contains.id"/>
      <representation value="xmlAttr"/>
      <short value="xml:id (or equivalent in JSON)"/>
      <definition value="unique id for the element within a resource (for internal references). This may be any string value that does not contain spaces."/>
      <min value="0"/>
      <max value="1"/>
      <base>
        <path value="Element.id"/>
        <min value="0"/>
        <max value="1"/>
      </base>
      <type>
        <code value="string"/>
      </type>
      <mapping>
        <identity value="rim"/>
        <map value="n/a"/>
      </mapping>
    </element>
    <element id="ValueSet:shareablevalueset.expansion.contains.extension">
      <path value="ValueSet.expansion.contains.extension"/>
      <short value="Additional Content defined by implementations"/>
      <definition value="May be used to represent additional information that is not part of the basic definition of the element. In order to make the use of extensions safe and manageable, there is a strict set of governance  applied to the definition and use of extensions. Though any implementer is allowed to define an extension, there is a set of requirements that SHALL be met as part of the definition of the extension."/>
      <comments value="There can be no stigma associated with the use of extensions by any application, project, or standard - regardless of the institution or jurisdiction that uses or defines the extensions.  The use of extensions is what allows the FHIR specification to retain a core level of simplicity for everyone."/>
      <alias value="extensions"/>
      <alias value="user content"/>
      <min value="0"/>
      <max value="*"/>
      <base>
        <path value="Element.extension"/>
        <min value="0"/>
        <max value="*"/>
      </base>
      <type>
        <code value="Extension"/>
      </type>
      <mapping>
        <identity value="rim"/>
        <map value="n/a"/>
      </mapping>
    </element>
    <element id="ValueSet:shareablevalueset.expansion.contains.modifierExtension">
      <path value="ValueSet.expansion.contains.modifierExtension"/>
      <short value="Extensions that cannot be ignored"/>
      <definition value="May be used to represent additional information that is not part of the basic definition of the element, and that modifies the understanding of the element that contains it. Usually modifier elements provide negation or qualification. In order to make the use of extensions safe and manageable, there is a strict set of governance applied to the definition and use of extensions. Though any implementer is allowed to define an extension, there is a set of requirements that SHALL be met as part of the definition of the extension. Applications processing a resource are required to check for modifier extensions."/>
      <comments value="There can be no stigma associated with the use of extensions by any application, project, or standard - regardless of the institution or jurisdiction that uses or defines the extensions.  The use of extensions is what allows the FHIR specification to retain a core level of simplicity for everyone."/>
      <alias value="extensions"/>
      <alias value="user content"/>
      <alias value="modifiers"/>
      <min value="0"/>
      <max value="*"/>
      <base>
        <path value="BackboneElement.modifierExtension"/>
        <min value="0"/>
        <max value="*"/>
      </base>
      <type>
        <code value="Extension"/>
      </type>
      <isModifier value="true"/>
      <isSummary value="true"/>
      <mapping>
        <identity value="rim"/>
        <map value="N/A"/>
      </mapping>
    </element>
    <element id="ValueSet:shareablevalueset.expansion.contains.system">
      <path value="ValueSet.expansion.contains.system"/>
      <short value="System value for the code"/>
      <definition value="An absolute URI which is the code system in which the code for this item in the expansion is defined."/>
      <min value="0"/>
      <max value="1"/>
      <base>
        <path value="ValueSet.expansion.contains.system"/>
        <min value="0"/>
        <max value="1"/>
      </base>
      <type>
        <code value="uri"/>
      </type>
    </element>
    <element id="ValueSet:shareablevalueset.expansion.contains.abstract">
      <path value="ValueSet.expansion.contains.abstract"/>
      <short value="If user cannot select this entry"/>
      <definition value="If true, this entry is included in the expansion for navigational purposes, and the user cannot select the code directly as a proper value."/>
      <comments value="This should not be understood to exclude its use for searching (e.g. by subsumption testing). The client should know whether it is appropriate for the user to select an abstract code or not."/>
      <min value="0"/>
      <max value="1"/>
      <base>
        <path value="ValueSet.expansion.contains.abstract"/>
        <min value="0"/>
        <max value="1"/>
      </base>
      <type>
        <code value="boolean"/>
      </type>
      <defaultValueBoolean value="false"/>
    </element>
    <element id="ValueSet:shareablevalueset.expansion.contains.version">
      <path value="ValueSet.expansion.contains.version"/>
      <short value="Version in which this code/display is defined"/>
      <definition value="The version of this code system that defined this code and/or display. This should only be used with code systems that do not enforce concept permanence."/>
      <comments value="The exact value of the version string is specified by the system from which the code is derived."/>
      <min value="0"/>
      <max value="1"/>
      <base>
        <path value="ValueSet.expansion.contains.version"/>
        <min value="0"/>
        <max value="1"/>
      </base>
      <type>
        <code value="string"/>
      </type>
    </element>
    <element id="ValueSet:shareablevalueset.expansion.contains.code">
      <path value="ValueSet.expansion.contains.code"/>
      <short value="Code - if blank, this is not a selectable code"/>
      <definition value="The code for this item in the expansion hierarchy. If this code is missing the entry in the hierarchy is a place holder (abstract) and does not represent a valid code in the value set."/>
      <min value="0"/>
      <max value="1"/>
      <base>
        <path value="ValueSet.expansion.contains.code"/>
        <min value="0"/>
        <max value="1"/>
      </base>
      <type>
        <code value="code"/>
      </type>
      <condition value="vsd-6"/>
    </element>
    <element id="ValueSet:shareablevalueset.expansion.contains.display">
      <path value="ValueSet.expansion.contains.display"/>
      <short value="User display for the concept"/>
      <definition value="The recommended display for this item in the expansion."/>
      <min value="0"/>
      <max value="1"/>
      <base>
        <path value="ValueSet.expansion.contains.display"/>
        <min value="0"/>
        <max value="1"/>
      </base>
      <type>
        <code value="string"/>
      </type>
      <condition value="vsd-6"/>
    </element>
    <element id="ValueSet:shareablevalueset.expansion.contains.designation">
      <path value="ValueSet.expansion.contains.designation"/>
      <short value="Additional representations for this item"/>
      <definition value="Additional representations for this item - other languages, aliases, specialized purposes, used for particular purposes, etc. These are relevant when the conditions of the expansion do not fix to a single correct representation."/>
      <comments value="The designations provided must be based on the value set and code system definitions."/>
      <min value="0"/>
      <max value="*"/>
      <base>
        <path value="ValueSet.expansion.contains.designation"/>
        <min value="0"/>
        <max value="*"/>
      </base>
      <contentReference value="#ValueSet:shareablevalueset.compose.include.concept.designation"/>
    </element>
    <element id="ValueSet:shareablevalueset.expansion.contains.contains">
      <path value="ValueSet.expansion.contains.contains"/>
      <short value="Codes contained under this entry"/>
      <definition value="Other codes and entries contained under this entry in the hierarchy."/>
      <comments value="If the expansion uses this element, there is  no implication about the logical relationship between them, and the  structure cannot be used for logical inferencing. The structure  exists to provide navigational assistance for helping human users to  locate codes in the expansion."/>
      <min value="0"/>
      <max value="*"/>
      <base>
        <path value="ValueSet.expansion.contains.contains"/>
        <min value="0"/>
        <max value="*"/>
      </base>
      <contentReference value="#ValueSet:shareablevalueset.expansion.contains"/>
    </element>
  </snapshot>
  <differential>
    <element id="ValueSet:shareablevalueset">
      <path value="ValueSet"/>
      <sliceName value="ShareableValueSet"/>
      <min value="1"/>
      <max value="1"/>
    </element>
    <element id="ValueSet:shareablevalueset.url">
      <path value="ValueSet.url"/>
      <min value="1"/>
      <max value="1"/>
      <type>
        <code value="uri"/>
      </type>
    </element>
    <element id="ValueSet:shareablevalueset.version">
      <path value="ValueSet.version"/>
      <min value="1"/>
      <max value="1"/>
      <type>
        <code value="string"/>
      </type>
    </element>
    <element id="ValueSet:shareablevalueset.name">
      <path value="ValueSet.name"/>
      <min value="1"/>
      <max value="1"/>
      <type>
        <code value="string"/>
      </type>
    </element>
    <element id="ValueSet:shareablevalueset.status">
      <path value="ValueSet.status"/>
      <min value="1"/>
      <max value="1"/>
      <type>
        <code value="code"/>
      </type>
      <mapping>
        <identity value="rim"/>
        <map value="N/A"/>
      </mapping>
    </element>
    <element id="ValueSet:shareablevalueset.experimental">
      <path value="ValueSet.experimental"/>
      <min value="1"/>
      <max value="1"/>
      <type>
        <code value="boolean"/>
      </type>
    </element>
    <element id="ValueSet:shareablevalueset.publisher">
      <path value="ValueSet.publisher"/>
      <alias value="steward"/>
      <min value="1"/>
      <max value="1"/>
      <type>
        <code value="string"/>
      </type>
    </element>
    <element id="ValueSet:shareablevalueset.description">
      <path value="ValueSet.description"/>
      <alias value="scope"/>
      <min value="1"/>
      <max value="1"/>
      <type>
        <code value="markdown"/>
      </type>
      <mapping>
        <identity value="rim"/>
        <map value="N/A"/>
      </mapping>
    </element>
    <element id="ValueSet:shareablevalueset.immutable">
      <path value="ValueSet.immutable"/>
      <min value="0"/>
      <max value="1"/>
      <type>
        <code value="boolean"/>
      </type>
    </element>
  </differential>
</StructureDefinition>