﻿{
  "$schema": "http://json-schema.org/draft-04/schema#",
  "id": "http://hl7.org/fhir/json-schema/ProcessResponse",
  "$ref": "#/definitions/ProcessResponse",
  "description": "see http://hl7.org/fhir/json.html#schema for information about the FHIR Json Schemas",
  "definitions": {
    "ProcessResponse": {
      "allOf": [
        {
          "$ref": "DomainResource.schema.json#/definitions/DomainResource"
        },
        {
          "description": "This resource provides processing status, errors and notes from the processing of a resource.",
          "properties": {
            "resourceType": {
              "description": "This is a ProcessResponse resource",
              "type": "string",
              "enum": [
                "ProcessResponse"
              ]
            },
            "identifier": {
              "description": "The Response business identifier.",
              "type": "array",
              "items": {
                "$ref": "Identifier.schema.json#/definitions/Identifier"
              }
            },
            "status": {
              "description": "The status of the resource instance.",
              "enum": [
                "active",
                "cancelled",
                "draft",
                "entered-in-error"
              ],
              "type": "string"
            },
            "_status": {
              "description": "Extensions for status",
              "$ref": "Element.schema.json#/definitions/Element"
            },
            "request": {
              "description": "Original request resource reference.",
              "$ref": "Reference.schema.json#/definitions/Reference"
            },
            "outcome": {
              "description": "Transaction status: error, complete, held.",
              "$ref": "Coding.schema.json#/definitions/Coding"
            },
            "disposition": {
              "description": "A description of the status of the adjudication or processing.",
              "type": "string"
            },
            "_disposition": {
              "description": "Extensions for disposition",
              "$ref": "Element.schema.json#/definitions/Element"
            },
            "ruleset": {
              "description": "The version of the style of resource contents. This should be mapped to the allowable profiles for this and supporting resources.",
              "$ref": "Coding.schema.json#/definitions/Coding"
            },
            "originalRuleset": {
              "description": "The style (standard) and version of the original material which was converted into this resource.",
              "$ref": "Coding.schema.json#/definitions/Coding"
            },
            "created": {
              "description": "The date when the enclosed suite of services were performed or completed.",
              "type": "string",
              "pattern": "-?[0-9]{4}(-(0[1-9]|1[0-2])(-(0[0-9]|[1-2][0-9]|3[0-1])(T([01][0-9]|2[0-3]):[0-5][0-9]:[0-5][0-9](\\.[0-9]+)?(Z|(\\+|-)((0[0-9]|1[0-3]):[0-5][0-9]|14:00)))?)?)?"
            },
            "_created": {
              "description": "Extensions for created",
              "$ref": "Element.schema.json#/definitions/Element"
            },
            "organization": {
              "description": "The organization who produced this adjudicated response.",
              "$ref": "Reference.schema.json#/definitions/Reference"
            },
            "requestProvider": {
              "description": "The practitioner who is responsible for the services rendered to the patient.",
              "$ref": "Reference.schema.json#/definitions/Reference"
            },
            "requestOrganization": {
              "description": "The organization which is responsible for the services rendered to the patient.",
              "$ref": "Reference.schema.json#/definitions/Reference"
            },
            "form": {
              "description": "The form to be used for printing the content.",
              "$ref": "Coding.schema.json#/definitions/Coding"
            },
            "notes": {
              "description": "Suite of processing note or additional requirements is the processing has been held.",
              "type": "array",
              "items": {
                "$ref": "#/definitions/ProcessResponse_Notes"
              }
            },
            "error": {
              "description": "Processing errors.",
              "type": "array",
              "items": {
                "$ref": "Coding.schema.json#/definitions/Coding"
              }
            }
          },
          "required": [
            "resourceType"
          ]
        }
      ]
    },
    "ProcessResponse_Notes": {
      "allOf": [
        {
          "$ref": "BackboneElement.schema.json#/definitions/BackboneElement"
        },
        {
          "description": "This resource provides processing status, errors and notes from the processing of a resource.",
          "properties": {
            "type": {
              "description": "The note purpose: Print/Display.",
              "$ref": "Coding.schema.json#/definitions/Coding"
            },
            "text": {
              "description": "The note text.",
              "type": "string"
            },
            "_text": {
              "description": "Extensions for text",
              "$ref": "Element.schema.json#/definitions/Element"
            }
          }
        }
      ]
    }
  }
}