{
  "resourceType": "CodeSystem",
  "id": "communication-status",
  "meta": {
    "lastUpdated": "2016-10-27T16:23:35.748+00:00"
  },
  "text": {
    "status": "generated",
    "div": "<div xmlns=\"http://www.w3.org/1999/xhtml\"><h2>CommunicationStatus</h2><div><p>The status of the communication.</p>\n</div><p>This code system http://hl7.org/fhir/communication-status defines the following codes:</p><table class=\"codes\"><tr><td><b>Code</b></td><td><b>Display</b></td><td><b>Definition</b></td></tr><tr><td>in-progress<a name=\"communication-status-in-progress\"> </a></td><td>In Progress</td><td>The communication transmission is ongoing.</td></tr><tr><td>completed<a name=\"communication-status-completed\"> </a></td><td>Completed</td><td>The message transmission is complete, i.e., delivered to the recipient's destination.</td></tr><tr><td>suspended<a name=\"communication-status-suspended\"> </a></td><td>Suspended</td><td>The communication transmission has been held by originating system/user request.</td></tr><tr><td>rejected<a name=\"communication-status-rejected\"> </a></td><td>Rejected</td><td>The receiving system has declined to accept the message.</td></tr><tr><td>failed<a name=\"communication-status-failed\"> </a></td><td>Failed</td><td>There was a failure in transmitting the message out.</td></tr></table></div>"
  },
  "url": "http://hl7.org/fhir/communication-status",
  "identifier": {
    "system": "urn:ietf:rfc:3986",
    "value": "urn:oid:2.16.840.1.113883.4.642.1.79"
  },
  "version": "1.7.0",
  "name": "CommunicationStatus",
  "status": "draft",
  "experimental": false,
  "publisher": "HL7 (FHIR Project)",
  "contact": [
    {
      "telecom": [
        {
          "system": "other",
          "value": "http://hl7.org/fhir"
        },
        {
          "system": "email",
          "value": "fhir@lists.hl7.org"
        }
      ]
    }
  ],
  "date": "2016-10-27T16:23:35+00:00",
  "description": "The status of the communication.",
  "caseSensitive": true,
  "valueSet": "http://hl7.org/fhir/ValueSet/communication-status",
  "content": "complete",
  "concept": [
    {
      "code": "in-progress",
      "display": "In Progress",
      "definition": "The communication transmission is ongoing."
    },
    {
      "code": "completed",
      "display": "Completed",
      "definition": "The message transmission is complete, i.e., delivered to the recipient's destination."
    },
    {
      "code": "suspended",
      "display": "Suspended",
      "definition": "The communication transmission has been held by originating system/user request."
    },
    {
      "code": "rejected",
      "display": "Rejected",
      "definition": "The receiving system has declined to accept the message."
    },
    {
      "code": "failed",
      "display": "Failed",
      "definition": "There was a failure in transmitting the message out."
    }
  ]
}