{
  "resourceType": "CodeSystem",
  "id": "item-type",
  "meta": {
    "lastUpdated": "2016-10-27T16:23:35.748+00:00"
  },
  "text": {
    "status": "generated",
    "div": "<div xmlns=\"http://www.w3.org/1999/xhtml\"><h2>QuestionnaireItemType</h2><div><p>Distinguishes groups from questions and display text and indicates data type for questions</p>\n</div><p><b>Properties</b></p><table class=\"grid\"><tr><td><b>Code</b></td><td><b>URL</b></td><td><b>Description</b></td><td><b>Type</b></td></tr><tr><td>notSelectable</td><td>http://hl7.org/fhir/concept-properties#notSelectable</td><td>Indicates that the code is abstract - only intended to be used as a selector for other concepts</td><td>boolean</td></tr></table><p>This code system http://hl7.org/fhir/item-type defines the following codes:</p><table class=\"codes\"><tr><td><b>Lvl</b></td><td><b>Code</b></td><td><b>Display</b></td><td><b>Definition</b></td></tr><tr><td>1</td><td>group<a name=\"item-type-group\"> </a></td><td>Group</td><td>An item with no direct answer but which has descendant items that are questions</td></tr><tr><td>1</td><td>display<a name=\"item-type-display\"> </a></td><td>Display</td><td>Text for display that will not capture an answer or have descendants</td></tr><tr><td>1</td><td>question<a name=\"item-type-question\"> </a></td><td>Question</td><td>An item that defines a specific answer to be captured (and may have descendant items)</td></tr><tr><td>2</td><td>  boolean<a name=\"item-type-boolean\"> </a></td><td>Boolean</td><td>Question with a yes/no answer</td></tr><tr><td>2</td><td>  decimal<a name=\"item-type-decimal\"> </a></td><td>Decimal</td><td>Question with is a real number answer</td></tr><tr><td>2</td><td>  integer<a name=\"item-type-integer\"> </a></td><td>Integer</td><td>Question with an integer answer</td></tr><tr><td>2</td><td>  date<a name=\"item-type-date\"> </a></td><td>Date</td><td>Question with adate answer</td></tr><tr><td>2</td><td>  dateTime<a name=\"item-type-dateTime\"> </a></td><td>Date Time</td><td>Question with a date and time answer</td></tr><tr><td>2</td><td>  instant<a name=\"item-type-instant\"> </a></td><td>Instant</td><td>Question with a system timestamp answer</td></tr><tr><td>2</td><td>  time<a name=\"item-type-time\"> </a></td><td>Time</td><td>Question with a time (hour/minute/second) answer independent of date.</td></tr><tr><td>2</td><td>  string<a name=\"item-type-string\"> </a></td><td>String</td><td>Question with a short (few words to short sentence) free-text entry answer</td></tr><tr><td>2</td><td>  text<a name=\"item-type-text\"> </a></td><td>Text</td><td>Question with a long (potentially multi-paragraph) free-text entry (still captured as a string) answer</td></tr><tr><td>2</td><td>  url<a name=\"item-type-url\"> </a></td><td>Url</td><td>Question with a url (website, FTP site, etc.) answer</td></tr><tr><td>2</td><td>  choice<a name=\"item-type-choice\"> </a></td><td>Choice</td><td>Question with a Coding drawn from a list of options as an answer</td></tr><tr><td>2</td><td>  open-choice<a name=\"item-type-open-choice\"> </a></td><td>Open Choice</td><td>Answer is a Coding drawn from a list of options or a free-text entry captured as Coding.display</td></tr><tr><td>2</td><td>  attachment<a name=\"item-type-attachment\"> </a></td><td>Attachment</td><td>Question with binary content such as a image, PDF, etc. as an answer</td></tr><tr><td>2</td><td>  reference<a name=\"item-type-reference\"> </a></td><td>Reference</td><td>Question with a reference to another resource (practitioner, organization, etc.) as an answer</td></tr><tr><td>2</td><td>  quantity<a name=\"item-type-quantity\"> </a></td><td>Quantity</td><td>Question with a combination of a numeric value and unit, potentially with a comparator (&lt;, &gt;, etc.) as an answer.</td></tr></table></div>"
  },
  "url": "http://hl7.org/fhir/item-type",
  "identifier": {
    "system": "urn:ietf:rfc:3986",
    "value": "urn:oid:2.16.840.1.113883.4.642.1.477"
  },
  "version": "1.7.0",
  "name": "QuestionnaireItemType",
  "status": "draft",
  "experimental": false,
  "publisher": "HL7 (FHIR Project)",
  "contact": [
    {
      "telecom": [
        {
          "system": "other",
          "value": "http://hl7.org/fhir"
        },
        {
          "system": "email",
          "value": "fhir@lists.hl7.org"
        }
      ]
    }
  ],
  "date": "2016-10-27T16:23:35+00:00",
  "description": "Distinguishes groups from questions and display text and indicates data type for questions",
  "caseSensitive": true,
  "valueSet": "http://hl7.org/fhir/ValueSet/item-type",
  "content": "complete",
  "property": [
    {
      "code": "notSelectable",
      "uri": "http://hl7.org/fhir/concept-properties#notSelectable",
      "description": "Indicates that the code is abstract - only intended to be used as a selector for other concepts",
      "type": "boolean"
    }
  ],
  "concept": [
    {
      "code": "group",
      "display": "Group",
      "definition": "An item with no direct answer but which has descendant items that are questions"
    },
    {
      "code": "display",
      "display": "Display",
      "definition": "Text for display that will not capture an answer or have descendants"
    },
    {
      "code": "question",
      "display": "Question",
      "definition": "An item that defines a specific answer to be captured (and may have descendant items)",
      "property": [
        {
          "code": "notSelectable",
          "valueBoolean": true
        }
      ],
      "concept": [
        {
          "code": "boolean",
          "display": "Boolean",
          "definition": "Question with a yes/no answer"
        },
        {
          "code": "decimal",
          "display": "Decimal",
          "definition": "Question with is a real number answer"
        },
        {
          "code": "integer",
          "display": "Integer",
          "definition": "Question with an integer answer"
        },
        {
          "code": "date",
          "display": "Date",
          "definition": "Question with adate answer"
        },
        {
          "code": "dateTime",
          "display": "Date Time",
          "definition": "Question with a date and time answer"
        },
        {
          "code": "instant",
          "display": "Instant",
          "definition": "Question with a system timestamp answer"
        },
        {
          "code": "time",
          "display": "Time",
          "definition": "Question with a time (hour/minute/second) answer independent of date."
        },
        {
          "code": "string",
          "display": "String",
          "definition": "Question with a short (few words to short sentence) free-text entry answer"
        },
        {
          "code": "text",
          "display": "Text",
          "definition": "Question with a long (potentially multi-paragraph) free-text entry (still captured as a string) answer"
        },
        {
          "code": "url",
          "display": "Url",
          "definition": "Question with a url (website, FTP site, etc.) answer"
        },
        {
          "code": "choice",
          "display": "Choice",
          "definition": "Question with a Coding drawn from a list of options as an answer"
        },
        {
          "code": "open-choice",
          "display": "Open Choice",
          "definition": "Answer is a Coding drawn from a list of options or a free-text entry captured as Coding.display"
        },
        {
          "code": "attachment",
          "display": "Attachment",
          "definition": "Question with binary content such as a image, PDF, etc. as an answer"
        },
        {
          "code": "reference",
          "display": "Reference",
          "definition": "Question with a reference to another resource (practitioner, organization, etc.) as an answer"
        },
        {
          "code": "quantity",
          "display": "Quantity",
          "definition": "Question with a combination of a numeric value and unit, potentially with a comparator (<, >, etc.) as an answer."
        }
      ]
    }
  ]
}