{
  "resourceType": "CodeSystem",
  "id": "intervention",
  "meta": {
    "lastUpdated": "2016-10-27T16:23:35.748+00:00",
    "profile": [
      "http://hl7.org/fhir/StructureDefinition/codesystem-shareable-definition"
    ]
  },
  "text": {
    "status": "generated",
    "div": "<div xmlns=\"http://www.w3.org/1999/xhtml\"><h2>Intervention Codes</h2><div><p>This value set includes sample Intervention codes.</p>\n</div><p><b>Copyright Statement:</b> This is an example set.</p><p>This code system http://hl7.org/fhir/intervention defines the following codes:</p><table class=\"codes\"><tr><td><b>Code</b></td><td><b>Display</b></td><td><b>Definition</b></td></tr><tr><td>unknown<a name=\"intervention-unknown\"> </a></td><td>Unknown</td><td>Unknown</td></tr><tr><td>other<a name=\"intervention-other\"> </a></td><td>Other</td><td>Other</td></tr></table></div>"
  },
  "url": "http://hl7.org/fhir/intervention",
  "identifier": {
    "system": "urn:ietf:rfc:3986",
    "value": "urn:oid:2.16.840.1.113883.4.642.1.309"
  },
  "version": "1.7.0",
  "name": "Intervention Codes",
  "status": "draft",
  "experimental": true,
  "publisher": "Financial Management",
  "contact": [
    {
      "telecom": [
        {
          "system": "other",
          "value": "http://hl7.org/fhir"
        }
      ]
    }
  ],
  "description": "This value set includes sample Intervention codes.",
  "copyright": "This is an example set.",
  "caseSensitive": true,
  "valueSet": "http://hl7.org/fhir/ValueSet/intervention",
  "content": "complete",
  "concept": [
    {
      "code": "unknown",
      "display": "Unknown",
      "definition": "Unknown"
    },
    {
      "code": "other",
      "display": "Other",
      "definition": "Other"
    }
  ]
}