{
  "resourceType": "CodeSystem",
  "id": "payeetype",
  "meta": {
    "lastUpdated": "2016-10-27T16:23:35.748+00:00",
    "profile": [
      "http://hl7.org/fhir/StructureDefinition/codesystem-shareable-definition"
    ]
  },
  "text": {
    "status": "generated",
    "div": "<div xmlns=\"http://www.w3.org/1999/xhtml\"><h2>Payee Type Codes</h2><div><p>This value set includes sample Payee Type codes.</p>\n</div><p><b>Copyright Statement:</b> This is an example set.</p><p>This code system http://hl7.org/fhir/payeetype defines the following codes:</p><table class=\"codes\"><tr><td><b>Code</b></td><td><b>Display</b></td><td><b>Definition</b></td></tr><tr><td>subscriber<a name=\"payeetype-subscriber\"> </a></td><td>Subscriber</td><td>The subscriber (policy holder) will be reimbursed.</td></tr><tr><td>provider<a name=\"payeetype-provider\"> </a></td><td>Provider</td><td>Any benefit payable will be paid to the provider (Assignment of Benefit).</td></tr><tr><td>other<a name=\"payeetype-other\"> </a></td><td>Provider</td><td>Any benefit payable will be paid to a third party such as a guarrantor.</td></tr></table></div>"
  },
  "url": "http://hl7.org/fhir/payeetype",
  "identifier": {
    "system": "urn:ietf:rfc:3986",
    "value": "urn:oid:2.16.840.1.113883.4.642.1.payeetype"
  },
  "version": "1.7.0",
  "name": "Payee Type Codes",
  "status": "draft",
  "experimental": true,
  "publisher": "Financial Management",
  "contact": [
    {
      "telecom": [
        {
          "system": "other",
          "value": "http://hl7.org/fhir"
        }
      ]
    }
  ],
  "description": "This value set includes sample Payee Type codes.",
  "copyright": "This is an example set.",
  "caseSensitive": true,
  "valueSet": "http://hl7.org/fhir/ValueSet/payeetype",
  "content": "complete",
  "concept": [
    {
      "code": "subscriber",
      "display": "Subscriber",
      "definition": "The subscriber (policy holder) will be reimbursed."
    },
    {
      "code": "provider",
      "display": "Provider",
      "definition": "Any benefit payable will be paid to the provider (Assignment of Benefit)."
    },
    {
      "code": "other",
      "display": "Provider",
      "definition": "Any benefit payable will be paid to a third party such as a guarrantor."
    }
  ]
}