{
  "resourceType": "CodeSystem",
  "id": "structure-definition-kind",
  "meta": {
    "lastUpdated": "2016-10-27T16:23:35.748+00:00"
  },
  "text": {
    "status": "generated",
    "div": "<div xmlns=\"http://www.w3.org/1999/xhtml\"><h2>StructureDefinitionKind</h2><div><p>Defines the type of structure that a definition is describing.</p>\n</div><p>This code system http://hl7.org/fhir/structure-definition-kind defines the following codes:</p><table class=\"codes\"><tr><td><b>Code</b></td><td><b>Display</b></td><td><b>Definition</b></td></tr><tr><td>primitive-type<a name=\"structure-definition-kind-primitive-type\"> </a></td><td>Primitive Data Type</td><td>A data type, which is a primitive type that has a value and an extension. These can be used throughout Resource and extension definitions. Only tbe base specification can define primitive types.</td></tr><tr><td>complex-type<a name=\"structure-definition-kind-complex-type\"> </a></td><td>Complex Data Type</td><td>A data type - either a complex structure that defines a set of data elements. These can be used throughout Resource and extension definitions, and in logical models.</td></tr><tr><td>resource<a name=\"structure-definition-kind-resource\"> </a></td><td>Resource</td><td>A resource defined by the FHIR specification.</td></tr><tr><td>logical<a name=\"structure-definition-kind-logical\"> </a></td><td>Logical Model</td><td>A logical model - a conceptual package of data that will be mapped to resources for implementation.</td></tr></table></div>"
  },
  "url": "http://hl7.org/fhir/structure-definition-kind",
  "identifier": {
    "system": "urn:ietf:rfc:3986",
    "value": "urn:oid:2.16.840.1.113883.4.642.1.348"
  },
  "version": "1.7.0",
  "name": "StructureDefinitionKind",
  "status": "draft",
  "experimental": false,
  "publisher": "HL7 (FHIR Project)",
  "contact": [
    {
      "telecom": [
        {
          "system": "other",
          "value": "http://hl7.org/fhir"
        },
        {
          "system": "email",
          "value": "fhir@lists.hl7.org"
        }
      ]
    }
  ],
  "date": "2016-10-27T16:23:35+00:00",
  "description": "Defines the type of structure that a definition is describing.",
  "caseSensitive": true,
  "valueSet": "http://hl7.org/fhir/ValueSet/structure-definition-kind",
  "content": "complete",
  "concept": [
    {
      "code": "primitive-type",
      "display": "Primitive Data Type",
      "definition": "A data type, which is a primitive type that has a value and an extension. These can be used throughout Resource and extension definitions. Only tbe base specification can define primitive types."
    },
    {
      "code": "complex-type",
      "display": "Complex Data Type",
      "definition": "A data type - either a complex structure that defines a set of data elements. These can be used throughout Resource and extension definitions, and in logical models."
    },
    {
      "code": "resource",
      "display": "Resource",
      "definition": "A resource defined by the FHIR specification."
    },
    {
      "code": "logical",
      "display": "Logical Model",
      "definition": "A logical model - a conceptual package of data that will be mapped to resources for implementation."
    }
  ]
}