{
  "resourceType": "CodeSystem",
  "id": "substance-category",
  "meta": {
    "lastUpdated": "2016-10-27T16:23:35.748+00:00",
    "profile": [
      "http://hl7.org/fhir/StructureDefinition/codesystem-shareable-definition"
    ]
  },
  "text": {
    "status": "generated",
    "div": "<div xmlns=\"http://www.w3.org/1999/xhtml\"><h2>Substance Category Codes</h2><div><p>Substance category codes</p>\n</div><p>This code system http://hl7.org/fhir/substance-category defines the following codes:</p><table class=\"codes\"><tr><td><b>Code</b></td><td><b>Display</b></td><td><b>Definition</b></td></tr><tr><td>allergen<a name=\"substance-category-allergen\"> </a></td><td>Allergen</td><td>A substance that causes an allergic reaction.</td></tr><tr><td>biological<a name=\"substance-category-biological\"> </a></td><td>Biological Substance</td><td>A substance that is produced by or extracted from a biological source.</td></tr><tr><td>body<a name=\"substance-category-body\"> </a></td><td>Body Substance</td><td>A substance that comes directly from a human or an animal (e.g. blood, urine, feces, tears, etc.).</td></tr><tr><td>chemical<a name=\"substance-category-chemical\"> </a></td><td>Chemical</td><td>Any organic or inorganic substance of a particular molecular identity, including -- (i) any combination of such substances occurring in whole or in part as a result of a chemical reaction or occurring in nature and (ii) any element or uncombined radical (http://www.epa.gov/opptintr/import-export/pubs/importguide.pdf).</td></tr><tr><td>food<a name=\"substance-category-food\"> </a></td><td>Dietary Substance</td><td>A food, dietary ingredient, or dietary supplement for human or animal.</td></tr><tr><td>drug<a name=\"substance-category-drug\"> </a></td><td>Drug or Medicament</td><td>A substance intended for use in the diagnosis, cure, mitigation, treatment, or prevention of disease in man or other animals (Federal Food Drug and Cosmetic Act).</td></tr><tr><td>material<a name=\"substance-category-material\"> </a></td><td>Material</td><td>A finished product which is not normally ingested, absorbed or injected (e.g. steel, iron, wood, plastic and paper).</td></tr></table></div>"
  },
  "url": "http://hl7.org/fhir/substance-category",
  "identifier": {
    "system": "urn:ietf:rfc:3986",
    "value": "urn:oid:2.16.840.1.113883.4.642.1.279"
  },
  "version": "1.7.0",
  "name": "Substance Category Codes",
  "status": "draft",
  "experimental": true,
  "publisher": "HL7 Orders and Observations Workgroup",
  "contact": [
    {
      "telecom": [
        {
          "system": "other",
          "value": "http://www.hl7.org/Special/committees/orders/index.cfm"
        }
      ]
    }
  ],
  "description": "Substance category codes",
  "caseSensitive": true,
  "valueSet": "http://hl7.org/fhir/ValueSet/substance-category",
  "content": "complete",
  "concept": [
    {
      "code": "allergen",
      "display": "Allergen",
      "definition": "A substance that causes an allergic reaction."
    },
    {
      "code": "biological",
      "display": "Biological Substance",
      "definition": "A substance that is produced by or extracted from a biological source."
    },
    {
      "code": "body",
      "display": "Body Substance",
      "definition": "A substance that comes directly from a human or an animal (e.g. blood, urine, feces, tears, etc.)."
    },
    {
      "code": "chemical",
      "display": "Chemical",
      "definition": "Any organic or inorganic substance of a particular molecular identity, including -- (i) any combination of such substances occurring in whole or in part as a result of a chemical reaction or occurring in nature and (ii) any element or uncombined radical (http://www.epa.gov/opptintr/import-export/pubs/importguide.pdf)."
    },
    {
      "code": "food",
      "display": "Dietary Substance",
      "definition": "A food, dietary ingredient, or dietary supplement for human or animal."
    },
    {
      "code": "drug",
      "display": "Drug or Medicament",
      "definition": "A substance intended for use in the diagnosis, cure, mitigation, treatment, or prevention of disease in man or other animals (Federal Food Drug and Cosmetic Act)."
    },
    {
      "code": "material",
      "display": "Material",
      "definition": "A finished product which is not normally ingested, absorbed or injected (e.g. steel, iron, wood, plastic and paper)."
    }
  ]
}