{
  "resourceType": "CodeSystem",
  "id": "contact-point-system",
  "meta": {
    "lastUpdated": "2016-10-27T16:23:35.748+00:00"
  },
  "text": {
    "status": "generated",
    "div": "<div xmlns=\"http://www.w3.org/1999/xhtml\"><h2>ContactPointSystem</h2><div><p>Telecommunications form for contact point</p>\n</div><p>This code system http://hl7.org/fhir/contact-point-system defines the following codes:</p><table class=\"codes\"><tr><td><b>Code</b></td><td><b>Display</b></td><td><b>Definition</b></td></tr><tr><td>phone<a name=\"contact-point-system-phone\"> </a></td><td>Phone</td><td>The value is a telephone number used for voice calls. Use of full international numbers starting with + is recommended to enable automatic dialing support but not required.</td></tr><tr><td>fax<a name=\"contact-point-system-fax\"> </a></td><td>Fax</td><td>The value is a fax machine. Use of full international numbers starting with + is recommended to enable automatic dialing support but not required.</td></tr><tr><td>email<a name=\"contact-point-system-email\"> </a></td><td>Email</td><td>The value is an email address.</td></tr><tr><td>pager<a name=\"contact-point-system-pager\"> </a></td><td>Pager</td><td>The value is a pager number. These may be local pager numbers that are only usable on a particular pager system.</td></tr><tr><td>other<a name=\"contact-point-system-other\"> </a></td><td>URL</td><td>A contact that is not a phone, fax, or email address. The format of the value SHOULD be a URL. This is intended for various personal contacts including blogs, Twitter, Facebook, etc. Do not use for email addresses. If this is not a URL, then it will require human interpretation.</td></tr></table></div>"
  },
  "url": "http://hl7.org/fhir/contact-point-system",
  "identifier": {
    "system": "urn:ietf:rfc:3986",
    "value": "urn:oid:2.16.840.1.113883.4.642.1.39"
  },
  "version": "1.7.0",
  "name": "ContactPointSystem",
  "status": "draft",
  "experimental": false,
  "publisher": "HL7 (FHIR Project)",
  "contact": [
    {
      "telecom": [
        {
          "system": "other",
          "value": "http://hl7.org/fhir"
        },
        {
          "system": "email",
          "value": "fhir@lists.hl7.org"
        }
      ]
    }
  ],
  "date": "2016-10-27T16:23:35+00:00",
  "description": "Telecommunications form for contact point",
  "caseSensitive": true,
  "valueSet": "http://hl7.org/fhir/ValueSet/contact-point-system",
  "content": "complete",
  "concept": [
    {
      "code": "phone",
      "display": "Phone",
      "definition": "The value is a telephone number used for voice calls. Use of full international numbers starting with + is recommended to enable automatic dialing support but not required."
    },
    {
      "code": "fax",
      "display": "Fax",
      "definition": "The value is a fax machine. Use of full international numbers starting with + is recommended to enable automatic dialing support but not required."
    },
    {
      "code": "email",
      "display": "Email",
      "definition": "The value is an email address."
    },
    {
      "code": "pager",
      "display": "Pager",
      "definition": "The value is a pager number. These may be local pager numbers that are only usable on a particular pager system."
    },
    {
      "code": "other",
      "display": "URL",
      "definition": "A contact that is not a phone, fax, or email address. The format of the value SHOULD be a URL. This is intended for various personal contacts including blogs, Twitter, Facebook, etc. Do not use for email addresses. If this is not a URL, then it will require human interpretation."
    }
  ]
}