{
  "resourceType": "CodeSystem",
  "id": "participantrequired",
  "meta": {
    "lastUpdated": "2016-10-27T16:23:35.748+00:00"
  },
  "text": {
    "status": "generated",
    "div": "<div xmlns=\"http://www.w3.org/1999/xhtml\"><h2>ParticipantRequired</h2><div><p>Is the Participant required to attend the appointment.</p>\n</div><p>This code system http://hl7.org/fhir/participantrequired defines the following codes:</p><table class=\"codes\"><tr><td><b>Code</b></td><td><b>Display</b></td><td><b>Definition</b></td></tr><tr><td>required<a name=\"participantrequired-required\"> </a></td><td>Required</td><td>The participant is required to attend the appointment.</td></tr><tr><td>optional<a name=\"participantrequired-optional\"> </a></td><td>Optional</td><td>The participant may optionally attend the appointment.</td></tr><tr><td>information-only<a name=\"participantrequired-information-only\"> </a></td><td>Information Only</td><td>The participant is excluded from the appointment, and may not be informed of the appointment taking place. (Appointment is about them, not for them - such as 2 doctors discussing results about a patient's test).</td></tr></table></div>"
  },
  "url": "http://hl7.org/fhir/participantrequired",
  "identifier": {
    "system": "urn:ietf:rfc:3986",
    "value": "urn:oid:2.16.840.1.113883.4.642.1.286"
  },
  "version": "1.7.0",
  "name": "ParticipantRequired",
  "status": "draft",
  "experimental": false,
  "publisher": "HL7 (FHIR Project)",
  "contact": [
    {
      "telecom": [
        {
          "system": "other",
          "value": "http://hl7.org/fhir"
        },
        {
          "system": "email",
          "value": "fhir@lists.hl7.org"
        }
      ]
    }
  ],
  "date": "2016-10-27T16:23:35+00:00",
  "description": "Is the Participant required to attend the appointment.",
  "caseSensitive": true,
  "valueSet": "http://hl7.org/fhir/ValueSet/participantrequired",
  "content": "complete",
  "concept": [
    {
      "code": "required",
      "display": "Required",
      "definition": "The participant is required to attend the appointment."
    },
    {
      "code": "optional",
      "display": "Optional",
      "definition": "The participant may optionally attend the appointment."
    },
    {
      "code": "information-only",
      "display": "Information Only",
      "definition": "The participant is excluded from the appointment, and may not be informed of the appointment taking place. (Appointment is about them, not for them - such as 2 doctors discussing results about a patient's test)."
    }
  ]
}