{
  "resourceType": "CodeSystem",
  "id": "dataelement-stringency",
  "meta": {
    "lastUpdated": "2016-10-27T16:23:35.748+00:00"
  },
  "text": {
    "status": "generated",
    "div": "<div xmlns=\"http://www.w3.org/1999/xhtml\"><h2>DataElementStringency</h2><div><p>Indicates the degree of precision of the data element definition.</p>\n</div><p>This code system http://hl7.org/fhir/dataelement-stringency defines the following codes:</p><table class=\"codes\"><tr><td><b>Lvl</b></td><td><b>Code</b></td><td><b>Display</b></td><td><b>Definition</b></td></tr><tr><td>1</td><td>comparable<a name=\"dataelement-stringency-comparable\"> </a></td><td>Comparable</td><td>The data element is sufficiently well-constrained that multiple pieces of data captured according to the constraints of the data element will be comparable (though in some cases, a degree of automated conversion/normalization may be required).</td></tr><tr><td>2</td><td>  fully-specified<a name=\"dataelement-stringency-fully-specified\"> </a></td><td>Fully Specified</td><td>The data element is fully specified down to a single value set, single unit of measure, single data type, etc.  Multiple pieces of data associated with this data element are fully comparable.</td></tr><tr><td>2</td><td>  equivalent<a name=\"dataelement-stringency-equivalent\"> </a></td><td>Equivalent</td><td>The data element allows multiple units of measure having equivalent meaning; e.g. &quot;cc&quot; (cubic centimeter) and &quot;mL&quot; (milliliter).</td></tr><tr><td>2</td><td>  convertable<a name=\"dataelement-stringency-convertable\"> </a></td><td>Convertable</td><td>The data element allows multiple units of measure that are convertable between each other (e.g. inches and centimeters) and/or allows data to be captured in multiple value sets for which a known mapping exists allowing conversion of meaning.</td></tr><tr><td>3</td><td>    scaleable<a name=\"dataelement-stringency-scaleable\"> </a></td><td>Scaleable</td><td>A convertable data element where unit conversions are different only by a power of 10; e.g. g, mg, kg.</td></tr><tr><td>1</td><td>flexible<a name=\"dataelement-stringency-flexible\"> </a></td><td>Flexible</td><td>The data element is unconstrained in units, choice of data types and/or choice of vocabulary such that automated comparison of data captured using the data element is not possible.</td></tr></table></div>"
  },
  "url": "http://hl7.org/fhir/dataelement-stringency",
  "identifier": {
    "system": "urn:ietf:rfc:3986",
    "value": "urn:oid:2.16.840.1.113883.4.642.1.244"
  },
  "version": "1.7.0",
  "name": "DataElementStringency",
  "status": "draft",
  "experimental": false,
  "publisher": "HL7 (FHIR Project)",
  "contact": [
    {
      "telecom": [
        {
          "system": "other",
          "value": "http://hl7.org/fhir"
        },
        {
          "system": "email",
          "value": "fhir@lists.hl7.org"
        }
      ]
    }
  ],
  "date": "2016-10-27T16:23:35+00:00",
  "description": "Indicates the degree of precision of the data element definition.",
  "caseSensitive": true,
  "valueSet": "http://hl7.org/fhir/ValueSet/dataelement-stringency",
  "content": "complete",
  "concept": [
    {
      "code": "comparable",
      "display": "Comparable",
      "definition": "The data element is sufficiently well-constrained that multiple pieces of data captured according to the constraints of the data element will be comparable (though in some cases, a degree of automated conversion/normalization may be required).",
      "concept": [
        {
          "code": "fully-specified",
          "display": "Fully Specified",
          "definition": "The data element is fully specified down to a single value set, single unit of measure, single data type, etc.  Multiple pieces of data associated with this data element are fully comparable."
        },
        {
          "code": "equivalent",
          "display": "Equivalent",
          "definition": "The data element allows multiple units of measure having equivalent meaning; e.g. \"cc\" (cubic centimeter) and \"mL\" (milliliter)."
        },
        {
          "code": "convertable",
          "display": "Convertable",
          "definition": "The data element allows multiple units of measure that are convertable between each other (e.g. inches and centimeters) and/or allows data to be captured in multiple value sets for which a known mapping exists allowing conversion of meaning.",
          "concept": [
            {
              "code": "scaleable",
              "display": "Scaleable",
              "definition": "A convertable data element where unit conversions are different only by a power of 10; e.g. g, mg, kg."
            }
          ]
        }
      ]
    },
    {
      "code": "flexible",
      "display": "Flexible",
      "definition": "The data element is unconstrained in units, choice of data types and/or choice of vocabulary such that automated comparison of data captured using the data element is not possible."
    }
  ]
}