{
  "resourceType": "CodeSystem",
  "id": "observation-paramcode",
  "meta": {
    "lastUpdated": "2016-10-27T16:23:35.748+00:00"
  },
  "text": {
    "status": "generated",
    "div": "<div xmlns=\"http://www.w3.org/1999/xhtml\"><h2>ParamCode</h2><div><p>The statistical operation parameter -&quot;params&quot; -  codes</p>\n</div><p>This code system http://hl7.org/fhir/observation-paramcode defines the following codes:</p><table class=\"codes\"><tr><td><b>Code</b></td><td><b>Display</b></td><td><b>Definition</b></td></tr><tr><td>average<a name=\"observation-paramcode-average\"> </a></td><td>Average</td><td>The [mean](https://en.wikipedia.org/wiki/Arithmetic_mean)of N measurements over the stated period</td></tr><tr><td>max<a name=\"observation-paramcode-max\"> </a></td><td>Maximum</td><td>The [maximum](https://en.wikipedia.org/wiki/Maximal_element) value of N measurements over the stated period</td></tr><tr><td>min<a name=\"observation-paramcode-min\"> </a></td><td>Minimum</td><td>The [minimum](https://en.wikipedia.org/wiki/Minimal_element) value of N measurements over the stated period</td></tr><tr><td>count<a name=\"observation-paramcode-count\"> </a></td><td>Count</td><td>The [number] of measurements over the stated period</td></tr></table></div>"
  },
  "url": "http://hl7.org/fhir/observation-paramcode",
  "identifier": {
    "system": "urn:ietf:rfc:3986",
    "value": "urn:oid:2.16.840.1.113883.4.642.1.877"
  },
  "version": "1.7.0",
  "name": "ParamCode",
  "status": "draft",
  "experimental": false,
  "publisher": "HL7 (FHIR Project)",
  "contact": [
    {
      "telecom": [
        {
          "system": "other",
          "value": "http://hl7.org/fhir"
        },
        {
          "system": "email",
          "value": "fhir@lists.hl7.org"
        }
      ]
    }
  ],
  "date": "2016-10-27T16:23:35+00:00",
  "description": "The statistical operation parameter -\"params\" -  codes",
  "caseSensitive": true,
  "valueSet": "http://hl7.org/fhir/ValueSet/observation-paramcode",
  "content": "complete",
  "concept": [
    {
      "code": "average",
      "display": "Average",
      "definition": "The [mean](https://en.wikipedia.org/wiki/Arithmetic_mean)of N measurements over the stated period"
    },
    {
      "code": "max",
      "display": "Maximum",
      "definition": "The [maximum](https://en.wikipedia.org/wiki/Maximal_element) value of N measurements over the stated period"
    },
    {
      "code": "min",
      "display": "Minimum",
      "definition": "The [minimum](https://en.wikipedia.org/wiki/Minimal_element) value of N measurements over the stated period"
    },
    {
      "code": "count",
      "display": "Count",
      "definition": "The [number] of measurements over the stated period"
    }
  ]
}