{
  "resourceType": "CodeSystem",
  "id": "medication-statement-category",
  "meta": {
    "lastUpdated": "2016-10-27T16:23:35.748+00:00"
  },
  "text": {
    "status": "generated",
    "div": "<div xmlns=\"http://www.w3.org/1999/xhtml\"><h2>MedicationStatementCategory</h2><div><p>A coded concept identifying where the medication included in the is expected to be consumed or administered</p>\n</div><p>This code system http://hl7.org/fhir/medication-statement-category defines the following codes:</p><table class=\"codes\"><tr><td><b>Code</b></td><td><b>Display</b></td><td><b>Definition</b></td></tr><tr><td>inpatient<a name=\"medication-statement-category-inpatient\"> </a></td><td>Inpatient</td><td>Includes orders for medications to be administered or consumed in an inpatient or acute care setting</td></tr><tr><td>outpatient<a name=\"medication-statement-category-outpatient\"> </a></td><td>Outpatient</td><td>Includes orders for medications to be administered or consumed in an outpatient setting (for example, Emergency Department, Outpatient Clinic, Outpatient Surgery, Doctor's office)</td></tr><tr><td>community<a name=\"medication-statement-category-community\"> </a></td><td>Community</td><td>Includes orders for medications to be administered or consumed by the patient in their home (this would include long term care or nursing homes, hospices, etc)</td></tr><tr><td>patientspecified<a name=\"medication-statement-category-patientspecified\"> </a></td><td>Patient Specified</td><td>Includes statements about medication use, including over the counter medication, provided by the patient, agent or another provider</td></tr></table></div>"
  },
  "url": "http://hl7.org/fhir/medication-statement-category",
  "identifier": {
    "system": "urn:ietf:rfc:3986",
    "value": "urn:oid:2.16.840.1.113883.4.642.1.952"
  },
  "version": "1.7.0",
  "name": "MedicationStatementCategory",
  "status": "draft",
  "experimental": false,
  "publisher": "HL7 (FHIR Project)",
  "contact": [
    {
      "telecom": [
        {
          "system": "other",
          "value": "http://hl7.org/fhir"
        },
        {
          "system": "email",
          "value": "fhir@lists.hl7.org"
        }
      ]
    }
  ],
  "date": "2016-10-27T16:23:35+00:00",
  "description": "A coded concept identifying where the medication included in the is expected to be consumed or administered",
  "caseSensitive": true,
  "valueSet": "http://hl7.org/fhir/ValueSet/medication-statement-category",
  "content": "complete",
  "concept": [
    {
      "code": "inpatient",
      "display": "Inpatient",
      "definition": "Includes orders for medications to be administered or consumed in an inpatient or acute care setting"
    },
    {
      "code": "outpatient",
      "display": "Outpatient",
      "definition": "Includes orders for medications to be administered or consumed in an outpatient setting (for example, Emergency Department, Outpatient Clinic, Outpatient Surgery, Doctor's office)"
    },
    {
      "code": "community",
      "display": "Community",
      "definition": "Includes orders for medications to be administered or consumed by the patient in their home (this would include long term care or nursing homes, hospices, etc)"
    },
    {
      "code": "patientspecified",
      "display": "Patient Specified",
      "definition": "Includes statements about medication use, including over the counter medication, provided by the patient, agent or another provider"
    }
  ]
}