{
  "resourceType": "CodeSystem",
  "id": "occurrence-span-codes",
  "meta": {
    "lastUpdated": "2016-10-27T16:23:35.748+00:00",
    "profile": [
      "http://hl7.org/fhir/StructureDefinition/codesystem-shareable-definition"
    ]
  },
  "text": {
    "status": "generated",
    "div": "<div xmlns=\"http://www.w3.org/1999/xhtml\"><h2>Example Occurrance Span Codes</h2><div><p>This value set includes sample Occurrance Span codes.</p>\n</div><p><b>Copyright Statement:</b> This is an example set.</p><p>This code system http://hl7.org/fhir/ex-claimoccurrancespan defines the following codes:</p><table class=\"codes\"><tr><td><b>Code</b></td><td><b>Display</b></td><td><b>Definition</b></td></tr><tr><td>1001<a name=\"occurrence-span-codes-1001\"> </a></td><td>Occurrance Span 1001</td><td>Occurrance Span 1001 description.</td></tr><tr><td>1002<a name=\"occurrence-span-codes-1002\"> </a></td><td>Occurrance Span 1002</td><td>Occurrance Span 1002 description.</td></tr></table></div>"
  },
  "url": "http://hl7.org/fhir/ex-claimoccurrancespan",
  "identifier": {
    "system": "urn:ietf:rfc:3986",
    "value": "urn:oid:2.16.840.1.113883.4.642.1.529"
  },
  "version": "1.7.0",
  "name": "Example Occurrance Span Codes",
  "status": "draft",
  "experimental": true,
  "publisher": "Financial Management",
  "contact": [
    {
      "telecom": [
        {
          "system": "other",
          "value": "http://hl7.org/fhir"
        }
      ]
    }
  ],
  "description": "This value set includes sample Occurrance Span codes.",
  "copyright": "This is an example set.",
  "caseSensitive": true,
  "valueSet": "http://hl7.org/fhir/ValueSet/occurrence-span-codes",
  "content": "complete",
  "concept": [
    {
      "code": "1001",
      "display": "Occurrance Span 1001",
      "definition": "Occurrance Span 1001 description."
    },
    {
      "code": "1002",
      "display": "Occurrance Span 1002",
      "definition": "Occurrance Span 1002 description."
    }
  ]
}