{
  "resourceType": "CodeSystem",
  "id": "contact-point-use",
  "meta": {
    "lastUpdated": "2016-10-27T16:23:35.748+00:00"
  },
  "text": {
    "status": "generated",
    "div": "<div xmlns=\"http://www.w3.org/1999/xhtml\"><h2>ContactPointUse</h2><div><p>Use of contact point</p>\n</div><p>This code system http://hl7.org/fhir/contact-point-use defines the following codes:</p><table class=\"codes\"><tr><td><b>Code</b></td><td><b>Display</b></td><td><b>Definition</b></td></tr><tr><td>home<a name=\"contact-point-use-home\"> </a></td><td>Home</td><td>A communication contact point at a home; attempted contacts for business purposes might intrude privacy and chances are one will contact family or other household members instead of the person one wishes to call. Typically used with urgent cases, or if no other contacts are available.</td></tr><tr><td>work<a name=\"contact-point-use-work\"> </a></td><td>Work</td><td>An office contact point. First choice for business related contacts during business hours.</td></tr><tr><td>temp<a name=\"contact-point-use-temp\"> </a></td><td>Temp</td><td>A temporary contact point. The period can provide more detailed information.</td></tr><tr><td>old<a name=\"contact-point-use-old\"> </a></td><td>Old</td><td>This contact point is no longer in use (or was never correct, but retained for records).</td></tr><tr><td>mobile<a name=\"contact-point-use-mobile\"> </a></td><td>Mobile</td><td>A telecommunication device that moves and stays with its owner. May have characteristics of all other use codes, suitable for urgent matters, not the first choice for routine business.</td></tr></table></div>"
  },
  "url": "http://hl7.org/fhir/contact-point-use",
  "identifier": {
    "system": "urn:ietf:rfc:3986",
    "value": "urn:oid:2.16.840.1.113883.4.642.1.40"
  },
  "version": "1.7.0",
  "name": "ContactPointUse",
  "status": "draft",
  "experimental": false,
  "publisher": "HL7 (FHIR Project)",
  "contact": [
    {
      "telecom": [
        {
          "system": "other",
          "value": "http://hl7.org/fhir"
        },
        {
          "system": "email",
          "value": "fhir@lists.hl7.org"
        }
      ]
    }
  ],
  "date": "2016-10-27T16:23:35+00:00",
  "description": "Use of contact point",
  "caseSensitive": true,
  "valueSet": "http://hl7.org/fhir/ValueSet/contact-point-use",
  "content": "complete",
  "concept": [
    {
      "code": "home",
      "display": "Home",
      "definition": "A communication contact point at a home; attempted contacts for business purposes might intrude privacy and chances are one will contact family or other household members instead of the person one wishes to call. Typically used with urgent cases, or if no other contacts are available."
    },
    {
      "code": "work",
      "display": "Work",
      "definition": "An office contact point. First choice for business related contacts during business hours."
    },
    {
      "code": "temp",
      "display": "Temp",
      "definition": "A temporary contact point. The period can provide more detailed information."
    },
    {
      "code": "old",
      "display": "Old",
      "definition": "This contact point is no longer in use (or was never correct, but retained for records)."
    },
    {
      "code": "mobile",
      "display": "Mobile",
      "definition": "A telecommunication device that moves and stays with its owner. May have characteristics of all other use codes, suitable for urgent matters, not the first choice for routine business."
    }
  ]
}