{
  "resourceType": "CodeSystem",
  "id": "supplyrequest-reason",
  "meta": {
    "lastUpdated": "2016-10-27T16:23:35.748+00:00"
  },
  "text": {
    "status": "generated",
    "div": "<div xmlns=\"http://www.w3.org/1999/xhtml\"><h2>SupplyRequestReason</h2><div><p>Why the supply item was requested</p>\n</div><p>This code system http://hl7.org/fhir/supplyrequest-reason defines the following codes:</p><table class=\"codes\"><tr><td><b>Code</b></td><td><b>Display</b></td><td><b>Definition</b></td></tr><tr><td>patient-care<a name=\"supplyrequest-reason-patient-care\"> </a></td><td>Patient Care</td><td>The supply has been requested for use in direct patient care.</td></tr><tr><td>ward-stock<a name=\"supplyrequest-reason-ward-stock\"> </a></td><td>Ward Stock</td><td>The supply has been requested for for creating or replenishing ward stock.</td></tr></table></div>"
  },
  "url": "http://hl7.org/fhir/supplyrequest-reason",
  "identifier": {
    "system": "urn:ietf:rfc:3986",
    "value": "urn:oid:2.16.840.1.113883.4.642.1.464"
  },
  "version": "1.7.0",
  "name": "SupplyRequestReason",
  "status": "draft",
  "experimental": false,
  "publisher": "HL7 (FHIR Project)",
  "contact": [
    {
      "telecom": [
        {
          "system": "other",
          "value": "http://hl7.org/fhir"
        },
        {
          "system": "email",
          "value": "fhir@lists.hl7.org"
        }
      ]
    }
  ],
  "date": "2016-10-27T16:23:35+00:00",
  "description": "Why the supply item was requested",
  "caseSensitive": true,
  "valueSet": "http://hl7.org/fhir/ValueSet/supplyrequest-reason",
  "content": "complete",
  "concept": [
    {
      "code": "patient-care",
      "display": "Patient Care",
      "definition": "The supply has been requested for use in direct patient care."
    },
    {
      "code": "ward-stock",
      "display": "Ward Stock",
      "definition": "The supply has been requested for for creating or replenishing ward stock."
    }
  ]
}