{
  "resourceType": "CodeSystem",
  "id": "procedure-request-status",
  "meta": {
    "lastUpdated": "2016-10-27T16:23:35.748+00:00"
  },
  "text": {
    "status": "generated",
    "div": "<div xmlns=\"http://www.w3.org/1999/xhtml\"><h2>ProcedureRequestStatus</h2><div><p>The status of the request.</p>\n</div><p>This code system http://hl7.org/fhir/procedure-request-status defines the following codes:</p><table class=\"codes\"><tr><td><b>Code</b></td><td><b>Display</b></td><td><b>Definition</b></td></tr><tr><td>proposed<a name=\"procedure-request-status-proposed\"> </a></td><td>Proposed</td><td>The request has been proposed.</td></tr><tr><td>draft<a name=\"procedure-request-status-draft\"> </a></td><td>Draft</td><td>The request is in preliminary form, prior to being requested.</td></tr><tr><td>requested<a name=\"procedure-request-status-requested\"> </a></td><td>Requested</td><td>The request has been placed.</td></tr><tr><td>received<a name=\"procedure-request-status-received\"> </a></td><td>Received</td><td>The receiving system has received the request but not yet decided whether it will be performed.</td></tr><tr><td>accepted<a name=\"procedure-request-status-accepted\"> </a></td><td>Accepted</td><td>The receiving system has accepted the request, but work has not yet commenced.</td></tr><tr><td>in-progress<a name=\"procedure-request-status-in-progress\"> </a></td><td>In Progress</td><td>The work to fulfill the request is happening.</td></tr><tr><td>completed<a name=\"procedure-request-status-completed\"> </a></td><td>Completed</td><td>The work has been completed, the report(s) released, and no further work is planned.</td></tr><tr><td>suspended<a name=\"procedure-request-status-suspended\"> </a></td><td>Suspended</td><td>The request has been held by originating system/user request.</td></tr><tr><td>rejected<a name=\"procedure-request-status-rejected\"> </a></td><td>Rejected</td><td>The receiving system has declined to fulfill the request.</td></tr><tr><td>aborted<a name=\"procedure-request-status-aborted\"> </a></td><td>Aborted</td><td>The request was attempted, but due to some procedural error, it could not be completed.</td></tr></table></div>"
  },
  "url": "http://hl7.org/fhir/procedure-request-status",
  "identifier": {
    "system": "urn:ietf:rfc:3986",
    "value": "urn:oid:2.16.840.1.113883.4.642.1.242"
  },
  "version": "1.7.0",
  "name": "ProcedureRequestStatus",
  "status": "draft",
  "experimental": false,
  "publisher": "HL7 (FHIR Project)",
  "contact": [
    {
      "telecom": [
        {
          "system": "other",
          "value": "http://hl7.org/fhir"
        },
        {
          "system": "email",
          "value": "fhir@lists.hl7.org"
        }
      ]
    }
  ],
  "date": "2016-10-27T16:23:35+00:00",
  "description": "The status of the request.",
  "caseSensitive": true,
  "valueSet": "http://hl7.org/fhir/ValueSet/procedure-request-status",
  "content": "complete",
  "concept": [
    {
      "code": "proposed",
      "display": "Proposed",
      "definition": "The request has been proposed."
    },
    {
      "code": "draft",
      "display": "Draft",
      "definition": "The request is in preliminary form, prior to being requested."
    },
    {
      "code": "requested",
      "display": "Requested",
      "definition": "The request has been placed."
    },
    {
      "code": "received",
      "display": "Received",
      "definition": "The receiving system has received the request but not yet decided whether it will be performed."
    },
    {
      "code": "accepted",
      "display": "Accepted",
      "definition": "The receiving system has accepted the request, but work has not yet commenced."
    },
    {
      "code": "in-progress",
      "display": "In Progress",
      "definition": "The work to fulfill the request is happening."
    },
    {
      "code": "completed",
      "display": "Completed",
      "definition": "The work has been completed, the report(s) released, and no further work is planned."
    },
    {
      "code": "suspended",
      "display": "Suspended",
      "definition": "The request has been held by originating system/user request."
    },
    {
      "code": "rejected",
      "display": "Rejected",
      "definition": "The receiving system has declined to fulfill the request."
    },
    {
      "code": "aborted",
      "display": "Aborted",
      "definition": "The request was attempted, but due to some procedural error, it could not be completed."
    }
  ]
}