{
  "resourceType": "CodeSystem",
  "id": "action-relationship-type",
  "meta": {
    "lastUpdated": "2016-10-27T16:23:35.748+00:00"
  },
  "text": {
    "status": "generated",
    "div": "<div xmlns=\"http://www.w3.org/1999/xhtml\"><h2>PlanActionRelationshipType</h2><div><p>Defines the types of relationships between actions</p>\n</div><p>This code system http://hl7.org/fhir/action-relationship-type defines the following codes:</p><table class=\"codes\"><tr><td><b>Code</b></td><td><b>Display</b></td><td><b>Definition</b></td></tr><tr><td>before-start<a name=\"action-relationship-type-before-start\"> </a></td><td>Before Start</td><td>The action must be performed before the start of the related action</td></tr><tr><td>before<a name=\"action-relationship-type-before\"> </a></td><td>Before</td><td>The action must be performed before the related action</td></tr><tr><td>before-end<a name=\"action-relationship-type-before-end\"> </a></td><td>Before End</td><td>The action must be performed before the end of the related action</td></tr><tr><td>concurrent-with-start<a name=\"action-relationship-type-concurrent-with-start\"> </a></td><td>Concurrent With Start</td><td>The action must be performed concurrent with the start of the related action</td></tr><tr><td>concurrent<a name=\"action-relationship-type-concurrent\"> </a></td><td>Concurrent</td><td>The action must be performed concurrent with the related action</td></tr><tr><td>concurrent-with-end<a name=\"action-relationship-type-concurrent-with-end\"> </a></td><td>Concurrent With End</td><td>The action must be performed concurrent with the end of the related action</td></tr><tr><td>after-start<a name=\"action-relationship-type-after-start\"> </a></td><td>After Start</td><td>The action must be performed after the start of the related action</td></tr><tr><td>after<a name=\"action-relationship-type-after\"> </a></td><td>After</td><td>The action must be performed after the related action</td></tr><tr><td>after-end<a name=\"action-relationship-type-after-end\"> </a></td><td>After End</td><td>The action must be performed after the end of the related action</td></tr></table></div>"
  },
  "url": "http://hl7.org/fhir/action-relationship-type",
  "identifier": {
    "system": "urn:ietf:rfc:3986",
    "value": "urn:oid:2.16.840.1.113883.4.642.1.995"
  },
  "version": "1.7.0",
  "name": "PlanActionRelationshipType",
  "status": "draft",
  "experimental": false,
  "publisher": "HL7 (FHIR Project)",
  "contact": [
    {
      "telecom": [
        {
          "system": "other",
          "value": "http://hl7.org/fhir"
        },
        {
          "system": "email",
          "value": "fhir@lists.hl7.org"
        }
      ]
    }
  ],
  "date": "2016-10-27T16:23:35+00:00",
  "description": "Defines the types of relationships between actions",
  "caseSensitive": true,
  "valueSet": "http://hl7.org/fhir/ValueSet/action-relationship-type",
  "content": "complete",
  "concept": [
    {
      "code": "before-start",
      "display": "Before Start",
      "definition": "The action must be performed before the start of the related action"
    },
    {
      "code": "before",
      "display": "Before",
      "definition": "The action must be performed before the related action"
    },
    {
      "code": "before-end",
      "display": "Before End",
      "definition": "The action must be performed before the end of the related action"
    },
    {
      "code": "concurrent-with-start",
      "display": "Concurrent With Start",
      "definition": "The action must be performed concurrent with the start of the related action"
    },
    {
      "code": "concurrent",
      "display": "Concurrent",
      "definition": "The action must be performed concurrent with the related action"
    },
    {
      "code": "concurrent-with-end",
      "display": "Concurrent With End",
      "definition": "The action must be performed concurrent with the end of the related action"
    },
    {
      "code": "after-start",
      "display": "After Start",
      "definition": "The action must be performed after the start of the related action"
    },
    {
      "code": "after",
      "display": "After",
      "definition": "The action must be performed after the related action"
    },
    {
      "code": "after-end",
      "display": "After End",
      "definition": "The action must be performed after the end of the related action"
    }
  ]
}