{
  "resourceType": "Questionnaire",
  "id": "qs1",
  "identifier": [
    {
      "system": "urn:ietf:rfc:3986"
    }
  ],
  "status": "draft",
  "date": "2016-10-27T16:23:35+00:00",
  "publisher": "Health Level Seven International (FHIR Infrastructure)",
  "item": [
    {
      "extension": [
        {
          "url": "http://hl7.org/fhir/StructureDefinition/questionnaire-minOccurs",
          "valueInteger": 1
        },
        {
          "url": "http://hl7.org/fhir/StructureDefinition/questionnaire-maxOccurs",
          "valueInteger": 1
        }
      ],
      "linkId": "CompartmentDefinition",
      "text": "Compartment Definition for a resource",
      "type": "group",
      "required": true,
      "repeats": false,
      "item": [
        {
          "text": "In FHIR, search is not performed directly on a resource (by XML or JSON path), but on a named parameter that maps into the resource content.",
          "type": "display"
        },
        {
          "extension": [
            {
              "url": "http://hl7.org/fhir/StructureDefinition/questionnaire-itemControl",
              "valueCodeableConcept": {
                "coding": [
                  {
                    "system": "http://hl7.org/fhir/questionnaire-item-control",
                    "code": "flyover",
                    "display": "Fly-over"
                  }
                ]
              }
            }
          ],
          "text": "A compartment definition that defines how resources are accessed on a server.",
          "type": "display"
        },
        {
          "extension": [
            {
              "url": "http://hl7.org/fhir/StructureDefinition/questionnaire-maxOccurs",
              "valueInteger": 1
            },
            {
              "url": "http://hl7.org/fhir/StructureDefinition/questionnaire-fhirType",
              "valueString": "string"
            }
          ],
          "linkId": "CompartmentDefinition.id",
          "type": "group",
          "required": false,
          "repeats": true,
          "item": [
            {
              "extension": [
                {
                  "url": "http://hl7.org/fhir/StructureDefinition/questionnaire-itemControl",
                  "valueCodeableConcept": {
                    "coding": [
                      {
                        "system": "http://hl7.org/fhir/questionnaire-item-control",
                        "code": "flyover",
                        "display": "Fly-over"
                      }
                    ]
                  }
                }
              ],
              "text": "The logical id of the resource, as used in the URL for the resource. Once assigned, this value never changes. The only time that a resource does not have an id is when it is being submitted to the server using a create operation.",
              "type": "display"
            },
            {
              "linkId": "CompartmentDefinition.id.value",
              "text": "Logical id of this artifact",
              "type": "string",
              "required": false,
              "repeats": false
            }
          ]
        },
        {
          "extension": [
            {
              "url": "http://hl7.org/fhir/StructureDefinition/questionnaire-maxOccurs",
              "valueInteger": 1
            }
          ],
          "linkId": "CompartmentDefinition.meta",
          "text": "Metadata about the resource",
          "type": "group",
          "required": false,
          "repeats": true,
          "item": [
            {
              "extension": [
                {
                  "url": "http://hl7.org/fhir/StructureDefinition/questionnaire-itemControl",
                  "valueCodeableConcept": {
                    "coding": [
                      {
                        "system": "http://hl7.org/fhir/questionnaire-item-control",
                        "code": "flyover",
                        "display": "Fly-over"
                      }
                    ]
                  }
                }
              ],
              "text": "The metadata about the resource. This is content that is maintained by the infrastructure. Changes to the content may not always be associated with version changes to the resource.",
              "type": "display"
            }
          ]
        },
        {
          "extension": [
            {
              "url": "http://hl7.org/fhir/StructureDefinition/questionnaire-maxOccurs",
              "valueInteger": 1
            },
            {
              "url": "http://hl7.org/fhir/StructureDefinition/questionnaire-fhirType",
              "valueString": "uri"
            }
          ],
          "linkId": "CompartmentDefinition.implicitRules",
          "type": "group",
          "required": false,
          "repeats": true,
          "item": [
            {
              "extension": [
                {
                  "url": "http://hl7.org/fhir/StructureDefinition/questionnaire-itemControl",
                  "valueCodeableConcept": {
                    "coding": [
                      {
                        "system": "http://hl7.org/fhir/questionnaire-item-control",
                        "code": "flyover",
                        "display": "Fly-over"
                      }
                    ]
                  }
                }
              ],
              "text": "A reference to a set of rules that were followed when the resource was constructed, and which must be understood when processing the content. Asserting this rule set restricts the content to be only understood by a limited set of trading partners. This inherently limits the usefulness of the data in the long term. However, the existing health eco-system is highly fractured, and not yet ready to define, collect, and exchange data in a generally computable sense. Wherever possible, implementers and/or specification writers should avoid using this element as much as possible.",
              "type": "display"
            },
            {
              "linkId": "CompartmentDefinition.implicitRules.value",
              "text": "A set of rules under which this content was created",
              "type": "string",
              "required": false,
              "repeats": false
            }
          ]
        },
        {
          "extension": [
            {
              "url": "http://hl7.org/fhir/StructureDefinition/questionnaire-maxOccurs",
              "valueInteger": 1
            },
            {
              "url": "http://hl7.org/fhir/StructureDefinition/questionnaire-fhirType",
              "valueString": "code"
            }
          ],
          "linkId": "CompartmentDefinition.language",
          "type": "group",
          "required": false,
          "repeats": true,
          "item": [
            {
              "extension": [
                {
                  "url": "http://hl7.org/fhir/StructureDefinition/questionnaire-itemControl",
                  "valueCodeableConcept": {
                    "coding": [
                      {
                        "system": "http://hl7.org/fhir/questionnaire-item-control",
                        "code": "flyover",
                        "display": "Fly-over"
                      }
                    ]
                  }
                }
              ],
              "text": "The base language in which the resource is written. Language is provided to support indexing and accessibility (typically, services such as text to speech use the language tag). The html language tag in the narrative applies  to the narrative. The language tag on the resource may be used to specify the language of other presentations generated from the data in the resource  Not all the content has to be in the base language. The Resource.language should not be assumed to apply to the narrative automatically. If a language is specified, it should it also be specified on the div element in the html (see rules in HTML5 for information about the relationship between xml:lang and the html lang attribute).",
              "type": "display"
            },
            {
              "linkId": "CompartmentDefinition.language.value",
              "text": "language",
              "type": "choice",
              "required": false,
              "repeats": false
            }
          ]
        },
        {
          "extension": [
            {
              "url": "http://hl7.org/fhir/StructureDefinition/questionnaire-maxOccurs",
              "valueInteger": 1
            }
          ],
          "linkId": "CompartmentDefinition.text",
          "text": "Text summary of the resource, for human interpretation",
          "type": "group",
          "required": false,
          "repeats": true,
          "item": [
            {
              "extension": [
                {
                  "url": "http://hl7.org/fhir/StructureDefinition/questionnaire-itemControl",
                  "valueCodeableConcept": {
                    "coding": [
                      {
                        "system": "http://hl7.org/fhir/questionnaire-item-control",
                        "code": "flyover",
                        "display": "Fly-over"
                      }
                    ]
                  }
                }
              ],
              "text": "A human-readable narrative that contains a summary of the resource, and may be used to represent the content of the resource to a human. The narrative need not encode all the structured data, but is required to contain sufficient detail to make it \"clinically safe\" for a human to just read the narrative. Resource definitions may define what content should be represented in the narrative to ensure clinical safety. Contained resources do not have narrative. Resources that are not contained SHOULD have a narrative. In some cases, a resource may only have text with little or no additional discrete data (as long as all minOccurs=1 elements are satisfied).  This may be necessary for data from legacy systems where information is captured as a \"text blob\" or where text is additionally entered raw or narrated and encoded in formation is added later.",
              "type": "display"
            }
          ]
        },
        {
          "linkId": "CompartmentDefinition.contained",
          "text": "Contained, inline Resources",
          "type": "group",
          "required": false,
          "repeats": true,
          "item": [
            {
              "extension": [
                {
                  "url": "http://hl7.org/fhir/StructureDefinition/questionnaire-itemControl",
                  "valueCodeableConcept": {
                    "coding": [
                      {
                        "system": "http://hl7.org/fhir/questionnaire-item-control",
                        "code": "flyover",
                        "display": "Fly-over"
                      }
                    ]
                  }
                }
              ],
              "text": "These resources do not have an independent existence apart from the resource that contains them - they cannot be identified independently, and nor can they have their own independent transaction scope. This should never be done when the content can be identified properly, as once identification is lost, it is extremely difficult (and context dependent) to restore it again.",
              "type": "display"
            }
          ]
        },
        {
          "linkId": "CompartmentDefinition.extension",
          "text": "Additional Content defined by implementations",
          "type": "group",
          "required": false,
          "repeats": true,
          "item": [
            {
              "extension": [
                {
                  "url": "http://hl7.org/fhir/StructureDefinition/questionnaire-itemControl",
                  "valueCodeableConcept": {
                    "coding": [
                      {
                        "system": "http://hl7.org/fhir/questionnaire-item-control",
                        "code": "flyover",
                        "display": "Fly-over"
                      }
                    ]
                  }
                }
              ],
              "text": "May be used to represent additional information that is not part of the basic definition of the resource. In order to make the use of extensions safe and manageable, there is a strict set of governance  applied to the definition and use of extensions. Though any implementer is allowed to define an extension, there is a set of requirements that SHALL be met as part of the definition of the extension. There can be no stigma associated with the use of extensions by any application, project, or standard - regardless of the institution or jurisdiction that uses or defines the extensions.  The use of extensions is what allows the FHIR specification to retain a core level of simplicity for everyone.",
              "type": "display"
            }
          ]
        },
        {
          "linkId": "CompartmentDefinition.modifierExtension",
          "text": "Extensions that cannot be ignored",
          "type": "group",
          "required": false,
          "repeats": true,
          "item": [
            {
              "extension": [
                {
                  "url": "http://hl7.org/fhir/StructureDefinition/questionnaire-itemControl",
                  "valueCodeableConcept": {
                    "coding": [
                      {
                        "system": "http://hl7.org/fhir/questionnaire-item-control",
                        "code": "flyover",
                        "display": "Fly-over"
                      }
                    ]
                  }
                }
              ],
              "text": "May be used to represent additional information that is not part of the basic definition of the resource, and that modifies the understanding of the element that contains it. Usually modifier elements provide negation or qualification. In order to make the use of extensions safe and manageable, there is a strict set of governance applied to the definition and use of extensions. Though any implementer is allowed to define an extension, there is a set of requirements that SHALL be met as part of the definition of the extension. Applications processing a resource are required to check for modifier extensions. There can be no stigma associated with the use of extensions by any application, project, or standard - regardless of the institution or jurisdiction that uses or defines the extensions.  The use of extensions is what allows the FHIR specification to retain a core level of simplicity for everyone.",
              "type": "display"
            }
          ]
        },
        {
          "extension": [
            {
              "url": "http://hl7.org/fhir/StructureDefinition/questionnaire-minOccurs",
              "valueInteger": 1
            },
            {
              "url": "http://hl7.org/fhir/StructureDefinition/questionnaire-maxOccurs",
              "valueInteger": 1
            },
            {
              "url": "http://hl7.org/fhir/StructureDefinition/questionnaire-fhirType",
              "valueString": "uri"
            }
          ],
          "linkId": "CompartmentDefinition.url",
          "type": "group",
          "required": true,
          "repeats": true,
          "item": [
            {
              "extension": [
                {
                  "url": "http://hl7.org/fhir/StructureDefinition/questionnaire-itemControl",
                  "valueCodeableConcept": {
                    "coding": [
                      {
                        "system": "http://hl7.org/fhir/questionnaire-item-control",
                        "code": "flyover",
                        "display": "Fly-over"
                      }
                    ]
                  }
                }
              ],
              "text": "An absolute URL that is used to identify this compartment definition when it is referenced in a specification, model, design or an instance. This SHALL be a URL, SHOULD be globally unique, and SHOULD be an address at which this compartment definition is (or will be) published. The URL SHOULD include the major version of the compartment definition. For more information see [Technical and Business Versions](resource.html#versions). Can be a urn:uuid: or a urn:oid:, but real http: addresses are preferred.",
              "type": "display"
            },
            {
              "linkId": "CompartmentDefinition.url.value",
              "text": "Logical uri to reference this compartment definition (globally unique)",
              "type": "string",
              "required": false,
              "repeats": false
            }
          ]
        },
        {
          "extension": [
            {
              "url": "http://hl7.org/fhir/StructureDefinition/questionnaire-minOccurs",
              "valueInteger": 1
            },
            {
              "url": "http://hl7.org/fhir/StructureDefinition/questionnaire-maxOccurs",
              "valueInteger": 1
            },
            {
              "url": "http://hl7.org/fhir/StructureDefinition/questionnaire-fhirType",
              "valueString": "string"
            }
          ],
          "linkId": "CompartmentDefinition.name",
          "type": "group",
          "required": true,
          "repeats": true,
          "item": [
            {
              "extension": [
                {
                  "url": "http://hl7.org/fhir/StructureDefinition/questionnaire-itemControl",
                  "valueCodeableConcept": {
                    "coding": [
                      {
                        "system": "http://hl7.org/fhir/questionnaire-item-control",
                        "code": "flyover",
                        "display": "Fly-over"
                      }
                    ]
                  }
                }
              ],
              "text": "A natural language name identifying the compartment definition. This name should be usable as an identifier for the module by machine processing applications such as code generation. The name is not expected to be globally unique. The name should be a simple alpha-numeric type name to ensure it is computable friendly. This is often the same as the code for the parameter, but does not need to be.",
              "type": "display"
            },
            {
              "linkId": "CompartmentDefinition.name.value",
              "text": "Name for this compartment definition (Computer friendly)",
              "type": "string",
              "required": false,
              "repeats": false
            }
          ]
        },
        {
          "extension": [
            {
              "url": "http://hl7.org/fhir/StructureDefinition/questionnaire-maxOccurs",
              "valueInteger": 1
            },
            {
              "url": "http://hl7.org/fhir/StructureDefinition/questionnaire-fhirType",
              "valueString": "string"
            }
          ],
          "linkId": "CompartmentDefinition.title",
          "type": "group",
          "required": false,
          "repeats": true,
          "item": [
            {
              "extension": [
                {
                  "url": "http://hl7.org/fhir/StructureDefinition/questionnaire-itemControl",
                  "valueCodeableConcept": {
                    "coding": [
                      {
                        "system": "http://hl7.org/fhir/questionnaire-item-control",
                        "code": "flyover",
                        "display": "Fly-over"
                      }
                    ]
                  }
                }
              ],
              "text": "A short, descriptive, user-friendly title for the compartment definition.",
              "type": "display"
            },
            {
              "linkId": "CompartmentDefinition.title.value",
              "text": "Name for this compartment definition (Human friendly)",
              "type": "string",
              "required": false,
              "repeats": false
            }
          ]
        },
        {
          "extension": [
            {
              "url": "http://hl7.org/fhir/StructureDefinition/questionnaire-minOccurs",
              "valueInteger": 1
            },
            {
              "url": "http://hl7.org/fhir/StructureDefinition/questionnaire-maxOccurs",
              "valueInteger": 1
            },
            {
              "url": "http://hl7.org/fhir/StructureDefinition/questionnaire-fhirType",
              "valueString": "code"
            }
          ],
          "linkId": "CompartmentDefinition.status",
          "type": "group",
          "required": true,
          "repeats": true,
          "item": [
            {
              "extension": [
                {
                  "url": "http://hl7.org/fhir/StructureDefinition/questionnaire-itemControl",
                  "valueCodeableConcept": {
                    "coding": [
                      {
                        "system": "http://hl7.org/fhir/questionnaire-item-control",
                        "code": "flyover",
                        "display": "Fly-over"
                      }
                    ]
                  }
                }
              ],
              "text": "The status of this compartment definition. Enables tracking the life-cycle of the content. Allows filtering of compartment definition that are appropriate for use vs. not.",
              "type": "display"
            },
            {
              "linkId": "CompartmentDefinition.status.value",
              "text": "status",
              "type": "choice",
              "required": false,
              "repeats": false
            }
          ]
        },
        {
          "extension": [
            {
              "url": "http://hl7.org/fhir/StructureDefinition/questionnaire-maxOccurs",
              "valueInteger": 1
            },
            {
              "url": "http://hl7.org/fhir/StructureDefinition/questionnaire-fhirType",
              "valueString": "boolean"
            }
          ],
          "linkId": "CompartmentDefinition.experimental",
          "type": "group",
          "required": false,
          "repeats": true,
          "item": [
            {
              "extension": [
                {
                  "url": "http://hl7.org/fhir/StructureDefinition/questionnaire-itemControl",
                  "valueCodeableConcept": {
                    "coding": [
                      {
                        "system": "http://hl7.org/fhir/questionnaire-item-control",
                        "code": "flyover",
                        "display": "Fly-over"
                      }
                    ]
                  }
                }
              ],
              "text": "A flag to indicate that this compartment definition is authored for testing purposes (or education/evaluation/marketing), and is not intended to be used for genuine usage. Allows filtering of compartment definition that are appropriate for use vs. not.",
              "type": "display"
            },
            {
              "linkId": "CompartmentDefinition.experimental.value",
              "text": "If for testing purposes, not real usage",
              "type": "boolean",
              "required": false,
              "repeats": false
            }
          ]
        },
        {
          "extension": [
            {
              "url": "http://hl7.org/fhir/StructureDefinition/questionnaire-maxOccurs",
              "valueInteger": 1
            },
            {
              "url": "http://hl7.org/fhir/StructureDefinition/questionnaire-fhirType",
              "valueString": "string"
            }
          ],
          "linkId": "CompartmentDefinition.publisher",
          "type": "group",
          "required": false,
          "repeats": true,
          "item": [
            {
              "extension": [
                {
                  "url": "http://hl7.org/fhir/StructureDefinition/questionnaire-itemControl",
                  "valueCodeableConcept": {
                    "coding": [
                      {
                        "system": "http://hl7.org/fhir/questionnaire-item-control",
                        "code": "flyover",
                        "display": "Fly-over"
                      }
                    ]
                  }
                }
              ],
              "text": "The name of the individual or organization that published the compartment definition. Usually an organization, but may be an individual. The publisher (or steward) of the compartment definition is the organization or individual primarily responsible for the maintenance and upkeep of the compartment definition. This is not necessarily the same individual or organization that developed and initially authored the content. The publisher is the primary point of contact for questions or issues with the compartment definition. This item SHOULD be populated unless the information is available from context.",
              "type": "display"
            },
            {
              "linkId": "CompartmentDefinition.publisher.value",
              "text": "Name of the publisher (Organization or individual)",
              "type": "string",
              "required": false,
              "repeats": false
            }
          ]
        },
        {
          "linkId": "CompartmentDefinition.contact",
          "text": "Contact details for the publisher",
          "type": "group",
          "required": false,
          "repeats": true,
          "item": [
            {
              "text": "May be a web site, an email address, a telephone number, etc.",
              "type": "display"
            },
            {
              "extension": [
                {
                  "url": "http://hl7.org/fhir/StructureDefinition/questionnaire-itemControl",
                  "valueCodeableConcept": {
                    "coding": [
                      {
                        "system": "http://hl7.org/fhir/questionnaire-item-control",
                        "code": "flyover",
                        "display": "Fly-over"
                      }
                    ]
                  }
                }
              ],
              "text": "Contact details to assist a user in finding and communicating with the publisher.",
              "type": "display"
            }
          ]
        },
        {
          "extension": [
            {
              "url": "http://hl7.org/fhir/StructureDefinition/questionnaire-maxOccurs",
              "valueInteger": 1
            },
            {
              "url": "http://hl7.org/fhir/StructureDefinition/questionnaire-fhirType",
              "valueString": "datetime"
            }
          ],
          "linkId": "CompartmentDefinition.date",
          "type": "group",
          "required": false,
          "repeats": true,
          "item": [
            {
              "extension": [
                {
                  "url": "http://hl7.org/fhir/StructureDefinition/questionnaire-itemControl",
                  "valueCodeableConcept": {
                    "coding": [
                      {
                        "system": "http://hl7.org/fhir/questionnaire-item-control",
                        "code": "flyover",
                        "display": "Fly-over"
                      }
                    ]
                  }
                }
              ],
              "text": "The date  (and optionally time) when the compartment definition was published. The date must change when the business version changes, if it does, and it must change if the status code changes. In addition, it should change when the substantive content of the compartment definition changes. Note that this is not the same as the resource last-modified-date, since the resource may be a secondary representation of the compartment definition. Additional specific dates may be added as extensions.",
              "type": "display"
            },
            {
              "linkId": "CompartmentDefinition.date.value",
              "text": "Date this was last changed",
              "type": "dateTime",
              "required": false,
              "repeats": false
            }
          ]
        },
        {
          "extension": [
            {
              "url": "http://hl7.org/fhir/StructureDefinition/questionnaire-maxOccurs",
              "valueInteger": 1
            },
            {
              "url": "http://hl7.org/fhir/StructureDefinition/questionnaire-fhirType",
              "valueString": "string"
            }
          ],
          "linkId": "CompartmentDefinition.description",
          "type": "group",
          "required": false,
          "repeats": true,
          "item": [
            {
              "extension": [
                {
                  "url": "http://hl7.org/fhir/StructureDefinition/questionnaire-itemControl",
                  "valueCodeableConcept": {
                    "coding": [
                      {
                        "system": "http://hl7.org/fhir/questionnaire-item-control",
                        "code": "flyover",
                        "display": "Fly-over"
                      }
                    ]
                  }
                }
              ],
              "text": "A free text natural language description of the compartment definition from the consumer's perspective. This description can be used to capture details such as why the compartment definition was built, comments about misuse, instructions for clinical use and interpretation, literature references, examples from the paper world, etc. It is not a rendering of the module as conveyed in the text field of the resource itself. This item SHOULD be populated unless the information is available from context.",
              "type": "display"
            },
            {
              "linkId": "CompartmentDefinition.description.value",
              "text": "Natural language description of the compartment definition",
              "type": "string",
              "required": false,
              "repeats": false
            }
          ]
        },
        {
          "extension": [
            {
              "url": "http://hl7.org/fhir/StructureDefinition/questionnaire-maxOccurs",
              "valueInteger": 1
            },
            {
              "url": "http://hl7.org/fhir/StructureDefinition/questionnaire-fhirType",
              "valueString": "string"
            }
          ],
          "linkId": "CompartmentDefinition.purpose",
          "type": "group",
          "required": false,
          "repeats": true,
          "item": [
            {
              "extension": [
                {
                  "url": "http://hl7.org/fhir/StructureDefinition/questionnaire-itemControl",
                  "valueCodeableConcept": {
                    "coding": [
                      {
                        "system": "http://hl7.org/fhir/questionnaire-item-control",
                        "code": "flyover",
                        "display": "Fly-over"
                      }
                    ]
                  }
                }
              ],
              "text": "Explains why this compartment definition is needed and why it has been designed as it has. This element does not describe the usage of the compartment definition (See, e.g, the comments element, or relatedArtifacts), rather it's for traceability of ''why'' the resource is either needed or ''why'' it is defined as it is.  This may be used to point to source materials or specifications that drove the structure of this compartment definition.",
              "type": "display"
            },
            {
              "linkId": "CompartmentDefinition.purpose.value",
              "text": "Why this compartment definition is defined",
              "type": "string",
              "required": false,
              "repeats": false
            }
          ]
        },
        {
          "linkId": "CompartmentDefinition.useContext",
          "text": "Content intends to support these contexts",
          "type": "group",
          "required": false,
          "repeats": true,
          "item": [
            {
              "text": "When multiple usageContexts are specified, this means that all the contexts are applicable to this context. For example, if a gender and age group is specified, a patient must match the specified gender and age group for the asset to be considered applicable.",
              "type": "display"
            },
            {
              "extension": [
                {
                  "url": "http://hl7.org/fhir/StructureDefinition/questionnaire-itemControl",
                  "valueCodeableConcept": {
                    "coding": [
                      {
                        "system": "http://hl7.org/fhir/questionnaire-item-control",
                        "code": "flyover",
                        "display": "Fly-over"
                      }
                    ]
                  }
                }
              ],
              "text": "The content was developed with a focus and intent of supporting the contexts that are listed. These terms may be used to assist with indexing and searching of code system definitions.",
              "type": "display"
            }
          ]
        },
        {
          "extension": [
            {
              "url": "http://hl7.org/fhir/StructureDefinition/questionnaire-fhirType",
              "valueString": "CodeableConcept"
            }
          ],
          "linkId": "CompartmentDefinition.jurisdiction",
          "text": "Intended jurisdiction for compartment definition (if applicable)",
          "type": "group",
          "required": false,
          "repeats": true,
          "item": [
            {
              "extension": [
                {
                  "url": "http://hl7.org/fhir/StructureDefinition/questionnaire-itemControl",
                  "valueCodeableConcept": {
                    "coding": [
                      {
                        "system": "http://hl7.org/fhir/questionnaire-item-control",
                        "code": "flyover",
                        "display": "Fly-over"
                      }
                    ]
                  }
                }
              ],
              "text": "A jurisdiction in which the compartment definition is intended to be used.",
              "type": "display"
            },
            {
              "linkId": "CompartmentDefinition.jurisdiction.coding",
              "text": "code:",
              "type": "open-choice",
              "required": false,
              "repeats": false
            },
            {
              "linkId": "CompartmentDefinition.jurisdiction.text",
              "text": "text:",
              "type": "string",
              "required": false,
              "repeats": false
            }
          ]
        },
        {
          "extension": [
            {
              "url": "http://hl7.org/fhir/StructureDefinition/questionnaire-minOccurs",
              "valueInteger": 1
            },
            {
              "url": "http://hl7.org/fhir/StructureDefinition/questionnaire-maxOccurs",
              "valueInteger": 1
            },
            {
              "url": "http://hl7.org/fhir/StructureDefinition/questionnaire-fhirType",
              "valueString": "code"
            }
          ],
          "linkId": "CompartmentDefinition.code",
          "type": "group",
          "required": true,
          "repeats": true,
          "item": [
            {
              "extension": [
                {
                  "url": "http://hl7.org/fhir/StructureDefinition/questionnaire-itemControl",
                  "valueCodeableConcept": {
                    "coding": [
                      {
                        "system": "http://hl7.org/fhir/questionnaire-item-control",
                        "code": "flyover",
                        "display": "Fly-over"
                      }
                    ]
                  }
                }
              ],
              "text": "Which compartment this definition describes. Only the specification can define the compartments that can exist. Servers can choose to support them.",
              "type": "display"
            },
            {
              "linkId": "CompartmentDefinition.code.value",
              "text": "code",
              "type": "choice",
              "required": false,
              "repeats": false
            }
          ]
        },
        {
          "extension": [
            {
              "url": "http://hl7.org/fhir/StructureDefinition/questionnaire-minOccurs",
              "valueInteger": 1
            },
            {
              "url": "http://hl7.org/fhir/StructureDefinition/questionnaire-maxOccurs",
              "valueInteger": 1
            },
            {
              "url": "http://hl7.org/fhir/StructureDefinition/questionnaire-fhirType",
              "valueString": "boolean"
            }
          ],
          "linkId": "CompartmentDefinition.search",
          "type": "group",
          "required": true,
          "repeats": true,
          "item": [
            {
              "extension": [
                {
                  "url": "http://hl7.org/fhir/StructureDefinition/questionnaire-itemControl",
                  "valueCodeableConcept": {
                    "coding": [
                      {
                        "system": "http://hl7.org/fhir/questionnaire-item-control",
                        "code": "flyover",
                        "display": "Fly-over"
                      }
                    ]
                  }
                }
              ],
              "text": "Whether the search syntax is supported. Servers may define and use compartments to manage logical access without implementing the compoartment related syntax.",
              "type": "display"
            },
            {
              "linkId": "CompartmentDefinition.search.value",
              "text": "Whether the search syntax is supported",
              "type": "boolean",
              "required": false,
              "repeats": false
            }
          ]
        },
        {
          "linkId": "CompartmentDefinition.resource",
          "text": "How resource is related to the compartment",
          "type": "group",
          "required": false,
          "repeats": true,
          "item": [
            {
              "extension": [
                {
                  "url": "http://hl7.org/fhir/StructureDefinition/questionnaire-itemControl",
                  "valueCodeableConcept": {
                    "coding": [
                      {
                        "system": "http://hl7.org/fhir/questionnaire-item-control",
                        "code": "flyover",
                        "display": "Fly-over"
                      }
                    ]
                  }
                }
              ],
              "text": "Information about how a resource it related to the compartment.",
              "type": "display"
            },
            {
              "extension": [
                {
                  "url": "http://hl7.org/fhir/StructureDefinition/questionnaire-maxOccurs",
                  "valueInteger": 1
                },
                {
                  "url": "http://hl7.org/fhir/StructureDefinition/questionnaire-fhirType",
                  "valueString": "string"
                }
              ],
              "linkId": "CompartmentDefinition.resource.id",
              "type": "group",
              "required": false,
              "repeats": true,
              "item": [
                {
                  "extension": [
                    {
                      "url": "http://hl7.org/fhir/StructureDefinition/questionnaire-itemControl",
                      "valueCodeableConcept": {
                        "coding": [
                          {
                            "system": "http://hl7.org/fhir/questionnaire-item-control",
                            "code": "flyover",
                            "display": "Fly-over"
                          }
                        ]
                      }
                    }
                  ],
                  "text": "unique id for the element within a resource (for internal references). This may be any string value that does not contain spaces.",
                  "type": "display"
                },
                {
                  "linkId": "CompartmentDefinition.resource.id.value",
                  "text": "xml:id (or equivalent in JSON)",
                  "type": "string",
                  "required": false,
                  "repeats": false
                }
              ]
            },
            {
              "linkId": "CompartmentDefinition.resource.extension",
              "text": "Additional Content defined by implementations",
              "type": "group",
              "required": false,
              "repeats": true,
              "item": [
                {
                  "extension": [
                    {
                      "url": "http://hl7.org/fhir/StructureDefinition/questionnaire-itemControl",
                      "valueCodeableConcept": {
                        "coding": [
                          {
                            "system": "http://hl7.org/fhir/questionnaire-item-control",
                            "code": "flyover",
                            "display": "Fly-over"
                          }
                        ]
                      }
                    }
                  ],
                  "text": "May be used to represent additional information that is not part of the basic definition of the element. In order to make the use of extensions safe and manageable, there is a strict set of governance  applied to the definition and use of extensions. Though any implementer is allowed to define an extension, there is a set of requirements that SHALL be met as part of the definition of the extension. There can be no stigma associated with the use of extensions by any application, project, or standard - regardless of the institution or jurisdiction that uses or defines the extensions.  The use of extensions is what allows the FHIR specification to retain a core level of simplicity for everyone.",
                  "type": "display"
                }
              ]
            },
            {
              "linkId": "CompartmentDefinition.resource.modifierExtension",
              "text": "Extensions that cannot be ignored",
              "type": "group",
              "required": false,
              "repeats": true,
              "item": [
                {
                  "extension": [
                    {
                      "url": "http://hl7.org/fhir/StructureDefinition/questionnaire-itemControl",
                      "valueCodeableConcept": {
                        "coding": [
                          {
                            "system": "http://hl7.org/fhir/questionnaire-item-control",
                            "code": "flyover",
                            "display": "Fly-over"
                          }
                        ]
                      }
                    }
                  ],
                  "text": "May be used to represent additional information that is not part of the basic definition of the element, and that modifies the understanding of the element that contains it. Usually modifier elements provide negation or qualification. In order to make the use of extensions safe and manageable, there is a strict set of governance applied to the definition and use of extensions. Though any implementer is allowed to define an extension, there is a set of requirements that SHALL be met as part of the definition of the extension. Applications processing a resource are required to check for modifier extensions. There can be no stigma associated with the use of extensions by any application, project, or standard - regardless of the institution or jurisdiction that uses or defines the extensions.  The use of extensions is what allows the FHIR specification to retain a core level of simplicity for everyone.",
                  "type": "display"
                }
              ]
            },
            {
              "extension": [
                {
                  "url": "http://hl7.org/fhir/StructureDefinition/questionnaire-minOccurs",
                  "valueInteger": 1
                },
                {
                  "url": "http://hl7.org/fhir/StructureDefinition/questionnaire-maxOccurs",
                  "valueInteger": 1
                },
                {
                  "url": "http://hl7.org/fhir/StructureDefinition/questionnaire-fhirType",
                  "valueString": "code"
                }
              ],
              "linkId": "CompartmentDefinition.resource.code",
              "type": "group",
              "required": true,
              "repeats": true,
              "item": [
                {
                  "extension": [
                    {
                      "url": "http://hl7.org/fhir/StructureDefinition/questionnaire-itemControl",
                      "valueCodeableConcept": {
                        "coding": [
                          {
                            "system": "http://hl7.org/fhir/questionnaire-item-control",
                            "code": "flyover",
                            "display": "Fly-over"
                          }
                        ]
                      }
                    }
                  ],
                  "text": "The name of a resource supported by the server.",
                  "type": "display"
                },
                {
                  "linkId": "CompartmentDefinition.resource.code.value",
                  "text": "code",
                  "type": "choice",
                  "required": false,
                  "repeats": false
                }
              ]
            },
            {
              "extension": [
                {
                  "url": "http://hl7.org/fhir/StructureDefinition/questionnaire-fhirType",
                  "valueString": "string"
                }
              ],
              "linkId": "CompartmentDefinition.resource.param",
              "type": "group",
              "required": false,
              "repeats": true,
              "item": [
                {
                  "extension": [
                    {
                      "url": "http://hl7.org/fhir/StructureDefinition/questionnaire-itemControl",
                      "valueCodeableConcept": {
                        "coding": [
                          {
                            "system": "http://hl7.org/fhir/questionnaire-item-control",
                            "code": "flyover",
                            "display": "Fly-over"
                          }
                        ]
                      }
                    }
                  ],
                  "text": "The name of a search parameter that represents the link to the compartment. More than one may be listed because a resource may be linked to a compartment more than one way. If no search parameters are listed, then the resource is not linked to the compartment.",
                  "type": "display"
                },
                {
                  "linkId": "CompartmentDefinition.resource.param.value",
                  "text": "Search Parameter Name, or chained params",
                  "type": "string",
                  "required": false,
                  "repeats": false
                }
              ]
            },
            {
              "extension": [
                {
                  "url": "http://hl7.org/fhir/StructureDefinition/questionnaire-maxOccurs",
                  "valueInteger": 1
                },
                {
                  "url": "http://hl7.org/fhir/StructureDefinition/questionnaire-fhirType",
                  "valueString": "string"
                }
              ],
              "linkId": "CompartmentDefinition.resource.documentation",
              "type": "group",
              "required": false,
              "repeats": true,
              "item": [
                {
                  "extension": [
                    {
                      "url": "http://hl7.org/fhir/StructureDefinition/questionnaire-itemControl",
                      "valueCodeableConcept": {
                        "coding": [
                          {
                            "system": "http://hl7.org/fhir/questionnaire-item-control",
                            "code": "flyover",
                            "display": "Fly-over"
                          }
                        ]
                      }
                    }
                  ],
                  "text": "Additional doco about the resource and compartment.",
                  "type": "display"
                },
                {
                  "linkId": "CompartmentDefinition.resource.documentation.value",
                  "text": "Additional doco about the resource and compartment",
                  "type": "string",
                  "required": false,
                  "repeats": false
                }
              ]
            }
          ]
        }
      ]
    }
  ]
}