{
  "resourceType": "Condition",
  "id": "f202",
  "text": {
    "status": "generated",
    "div": "<div xmlns=\"http://www.w3.org/1999/xhtml\"><p><b>Generated Narrative with Details</b></p><p><b>id</b>: f202</p><p><b>clinicalStatus</b>: active</p><p><b>verificationStatus</b>: confirmed</p><p><b>category</b>: Encounter Diagnosis <span>(Details : {http://hl7.org/fhir/condition-category code 'encounter-diagnosis' = 'Encounter Diagnosis)</span></p><p><b>severity</b>: Severe <span>(Details : {SNOMED CT code '24484000' = 'Severe (severity modifier) (qualifier value)', given as 'Severe'})</span></p><p><b>code</b>: Malignant neoplastic disease <span>(Details : {SNOMED CT code '363346000' = 'Malignant neoplastic disease (disorder)', given as 'Malignant neoplastic disease'})</span></p><p><b>bodySite</b>: Entire head and neck <span>(Details : {SNOMED CT code '361355005' = 'Entire head and neck (body structure)', given as 'Entire head and neck'})</span></p><p><b>subject</b>: <a>Roel</a></p><p><b>onset</b>: 52 years<span> (Details: UCUM code a = 'a')</span></p><p><b>dateRecorded</b>: Dec 1, 2012</p><h3>Evidences</h3><table><tr><td>-</td><td><b>Detail</b></td></tr><tr><td>*</td><td><a>Erasmus' diagnostic report of Roel's tumor</a></td></tr></table></div>"
  },
  "clinicalStatus": "active",
  "verificationStatus": "confirmed",
  "category": [
    {
      "coding": [
        {
          "system": "http://hl7.org/fhir/condition-category",
          "code": "encounter-diagnosis"
        }
      ]
    }
  ],
  "severity": {
    "coding": [
      {
        "system": "http://snomed.info/sct",
        "code": "24484000",
        "display": "Severe"
      }
    ]
  },
  "code": {
    "coding": [
      {
        "system": "http://snomed.info/sct",
        "code": "363346000",
        "display": "Malignant neoplastic disease"
      }
    ]
  },
  "bodySite": [
    {
      "coding": [
        {
          "system": "http://snomed.info/sct",
          "code": "361355005",
          "display": "Entire head and neck"
        }
      ]
    }
  ],
  "subject": {
    "reference": "Patient/f201",
    "display": "Roel"
  },
  "onsetAge": {
    "value": 52,
    "unit": "years",
    "system": "http://unitsofmeasure.org",
    "code": "a"
  },
  "dateRecorded": "2012-12-01",
  "evidence": [
    {
      "detail": [
        {
          "reference": "DiagnosticReport/f201",
          "display": "Erasmus' diagnostic report of Roel's tumor"
        }
      ]
    }
  ]
}