{
  "resourceType": "Condition",
  "id": "f204",
  "text": {
    "status": "generated",
    "div": "<div xmlns=\"http://www.w3.org/1999/xhtml\"><p><b>Generated Narrative with Details</b></p><p><b>id</b>: f204</p><p><b>clinicalStatus</b>: active</p><p><b>verificationStatus</b>: differential</p><p><b>category</b>: Problem <span>(Details : {SNOMED CT code '55607006' = 'Problem (finding)', given as 'Problem'}; {http://hl7.org/fhir/condition-category code 'problem-list-item' = 'Problem List Item)</span></p><p><b>severity</b>: Severe <span>(Details : {SNOMED CT code '24484000' = 'Severe (severity modifier) (qualifier value)', given as 'Severe'})</span></p><p><b>code</b>: Acute renal insufficiency specified as due to procedure <span>(Details : {SNOMED CT code '36225005' = 'Acute renal failure due to procedure (disorder)', given as 'Acute renal insufficiency specified as due to procedure'})</span></p><p><b>bodySite</b>: Kidney <span>(Details : {SNOMED CT code '181414000' = 'Entire kidney (body structure)', given as 'Kidney'})</span></p><p><b>subject</b>: <a>Roel</a></p><p><b>context</b>: <a>Roel's encounter on March eleventh</a></p><p><b>onset</b>: Mar 11, 2013</p><p><b>abatement</b>: Mar 20, 2013</p><p><b>dateRecorded</b>: Mar 11, 2013</p><p><b>asserter</b>: <a>Practitioner/f201</a></p><h3>Stages</h3><table><tr><td>-</td><td><b>Summary</b></td></tr><tr><td>*</td><td>Temporary <span>(Details : {SNOMED CT code '14803004' = 'Transitory (qualifier value)', given as 'Temporary'})</span></td></tr></table></div>"
  },
  "clinicalStatus": "active",
  "verificationStatus": "differential",
  "category": [
    {
      "coding": [
        {
          "system": "http://snomed.info/sct",
          "code": "55607006",
          "display": "Problem"
        },
        {
          "system": "http://hl7.org/fhir/condition-category",
          "code": "problem-list-item"
        }
      ]
    }
  ],
  "severity": {
    "coding": [
      {
        "system": "http://snomed.info/sct",
        "code": "24484000",
        "display": "Severe"
      }
    ]
  },
  "code": {
    "coding": [
      {
        "system": "http://snomed.info/sct",
        "code": "36225005",
        "display": "Acute renal insufficiency specified as due to procedure"
      }
    ]
  },
  "bodySite": [
    {
      "coding": [
        {
          "system": "http://snomed.info/sct",
          "code": "181414000",
          "display": "Kidney"
        }
      ]
    }
  ],
  "subject": {
    "reference": "Patient/f201",
    "display": "Roel"
  },
  "context": {
    "reference": "Encounter/f203",
    "display": "Roel's encounter on March eleventh"
  },
  "onsetDateTime": "2013-03-11",
  "abatementDateTime": "2013-03-20",
  "dateRecorded": "2013-03-11",
  "asserter": {
    "reference": "Practitioner/f201"
  },
  "stage": {
    "summary": {
      "coding": [
        {
          "system": "http://snomed.info/sct",
          "code": "14803004",
          "display": "Temporary"
        }
      ]
    }
  }
}