{
  "resourceType": "Questionnaire",
  "id": "qs1",
  "contained": [
    {
      "resourceType": "ValueSet",
      "id": "vs2",
      "name": "Type options for DeviceUseRequest.device[x]",
      "status": "active",
      "description": "Type options for DeviceUseRequest.device[x]",
      "expansion": {
        "identifier": "urn:uuid:9c14d3fe-8a59-4120-b492-77335376dfcd",
        "timestamp": "2016-10-27T16:26:58+00:00",
        "contains": [
          {
            "system": "http://hl7.org/fhir/resource-types",
            "code": "Device",
            "display": "Device"
          },
          {
            "system": "http://hl7.org/fhir/data-types",
            "code": "CodeableConcept",
            "display": "CodeableConcept"
          }
        ]
      }
    },
    {
      "resourceType": "ValueSet",
      "id": "vs3",
      "name": "Type options for DeviceUseRequest.subject",
      "status": "active",
      "description": "Type options for DeviceUseRequest.subject",
      "expansion": {
        "identifier": "urn:uuid:8aac774f-2f33-470c-bcd5-85d76ca39447",
        "timestamp": "2016-10-27T16:26:58+00:00",
        "contains": [
          {
            "system": "http://hl7.org/fhir/resource-types",
            "code": "Patient",
            "display": "Patient"
          },
          {
            "system": "http://hl7.org/fhir/resource-types",
            "code": "Group",
            "display": "Group"
          },
          {
            "system": "http://hl7.org/fhir/resource-types",
            "code": "Location",
            "display": "Location"
          },
          {
            "system": "http://hl7.org/fhir/resource-types",
            "code": "Device",
            "display": "Device"
          }
        ]
      }
    },
    {
      "resourceType": "ValueSet",
      "id": "vs4",
      "name": "Type options for DeviceUseRequest.context",
      "status": "active",
      "description": "Type options for DeviceUseRequest.context",
      "expansion": {
        "identifier": "urn:uuid:bc65e31f-8b09-4a64-84b3-1c0b3b710694",
        "timestamp": "2016-10-27T16:26:58+00:00",
        "contains": [
          {
            "system": "http://hl7.org/fhir/resource-types",
            "code": "Encounter",
            "display": "Encounter"
          },
          {
            "system": "http://hl7.org/fhir/resource-types",
            "code": "EpisodeOfCare",
            "display": "EpisodeOfCare"
          }
        ]
      }
    },
    {
      "resourceType": "ValueSet",
      "id": "vs5",
      "name": "Type options for DeviceUseRequest.occurrence[x]",
      "status": "active",
      "description": "Type options for DeviceUseRequest.occurrence[x]",
      "expansion": {
        "identifier": "urn:uuid:75b81e1f-b099-4ed7-886e-2ea665701d1d",
        "timestamp": "2016-10-27T16:26:58+00:00",
        "contains": [
          {
            "system": "http://hl7.org/fhir/data-types",
            "code": "dateTime",
            "display": "dateTime"
          },
          {
            "system": "http://hl7.org/fhir/data-types",
            "code": "Period",
            "display": "Period"
          },
          {
            "system": "http://hl7.org/fhir/data-types",
            "code": "Timing",
            "display": "Timing"
          }
        ]
      }
    },
    {
      "resourceType": "ValueSet",
      "id": "vs6",
      "name": "Type options for DeviceUseRequest.requester",
      "status": "active",
      "description": "Type options for DeviceUseRequest.requester",
      "expansion": {
        "identifier": "urn:uuid:8564cc41-3ae2-4941-94e8-e36710439e88",
        "timestamp": "2016-10-27T16:26:58+00:00",
        "contains": [
          {
            "system": "http://hl7.org/fhir/resource-types",
            "code": "Device",
            "display": "Device"
          },
          {
            "system": "http://hl7.org/fhir/resource-types",
            "code": "Practitioner",
            "display": "Practitioner"
          },
          {
            "system": "http://hl7.org/fhir/resource-types",
            "code": "Organization",
            "display": "Organization"
          }
        ]
      }
    },
    {
      "resourceType": "ValueSet",
      "id": "vs7",
      "name": "Type options for DeviceUseRequest.performer",
      "status": "active",
      "description": "Type options for DeviceUseRequest.performer",
      "expansion": {
        "identifier": "urn:uuid:80ef7acc-55bc-4ecc-88a8-9f3801e01c57",
        "timestamp": "2016-10-27T16:26:58+00:00",
        "contains": [
          {
            "system": "http://hl7.org/fhir/resource-types",
            "code": "Practitioner",
            "display": "Practitioner"
          },
          {
            "system": "http://hl7.org/fhir/resource-types",
            "code": "Organization",
            "display": "Organization"
          },
          {
            "system": "http://hl7.org/fhir/resource-types",
            "code": "Patient",
            "display": "Patient"
          },
          {
            "system": "http://hl7.org/fhir/resource-types",
            "code": "Device",
            "display": "Device"
          },
          {
            "system": "http://hl7.org/fhir/resource-types",
            "code": "RelatedPerson",
            "display": "RelatedPerson"
          }
        ]
      }
    }
  ],
  "identifier": [
    {
      "system": "urn:ietf:rfc:3986"
    }
  ],
  "status": "draft",
  "date": "2016-10-27T16:23:35+00:00",
  "publisher": "Health Level Seven International (Orders and Observations)",
  "item": [
    {
      "linkId": "DeviceUseRequest",
      "text": "Medical device request",
      "type": "group",
      "required": false,
      "repeats": true,
      "item": [
        {
          "extension": [
            {
              "url": "http://hl7.org/fhir/StructureDefinition/questionnaire-itemControl",
              "valueCodeableConcept": {
                "coding": [
                  {
                    "system": "http://hl7.org/fhir/questionnaire-item-control",
                    "code": "flyover",
                    "display": "Fly-over"
                  }
                ]
              }
            }
          ],
          "text": "Represents a request for a patient to employ a medical device. The device may be an implantable device, or an external assistive device, such as a walker.",
          "type": "display"
        },
        {
          "extension": [
            {
              "url": "http://hl7.org/fhir/StructureDefinition/questionnaire-maxOccurs",
              "valueInteger": 1
            },
            {
              "url": "http://hl7.org/fhir/StructureDefinition/questionnaire-fhirType",
              "valueString": "string"
            }
          ],
          "linkId": "DeviceUseRequest.id",
          "type": "group",
          "required": false,
          "repeats": true,
          "item": [
            {
              "extension": [
                {
                  "url": "http://hl7.org/fhir/StructureDefinition/questionnaire-itemControl",
                  "valueCodeableConcept": {
                    "coding": [
                      {
                        "system": "http://hl7.org/fhir/questionnaire-item-control",
                        "code": "flyover",
                        "display": "Fly-over"
                      }
                    ]
                  }
                }
              ],
              "text": "The logical id of the resource, as used in the URL for the resource. Once assigned, this value never changes. The only time that a resource does not have an id is when it is being submitted to the server using a create operation.",
              "type": "display"
            },
            {
              "linkId": "DeviceUseRequest.id.value",
              "text": "Logical id of this artifact",
              "type": "string",
              "required": false,
              "repeats": false
            }
          ]
        },
        {
          "extension": [
            {
              "url": "http://hl7.org/fhir/StructureDefinition/questionnaire-maxOccurs",
              "valueInteger": 1
            }
          ],
          "linkId": "DeviceUseRequest.meta",
          "text": "Metadata about the resource",
          "type": "group",
          "required": false,
          "repeats": true,
          "item": [
            {
              "extension": [
                {
                  "url": "http://hl7.org/fhir/StructureDefinition/questionnaire-itemControl",
                  "valueCodeableConcept": {
                    "coding": [
                      {
                        "system": "http://hl7.org/fhir/questionnaire-item-control",
                        "code": "flyover",
                        "display": "Fly-over"
                      }
                    ]
                  }
                }
              ],
              "text": "The metadata about the resource. This is content that is maintained by the infrastructure. Changes to the content may not always be associated with version changes to the resource.",
              "type": "display"
            }
          ]
        },
        {
          "extension": [
            {
              "url": "http://hl7.org/fhir/StructureDefinition/questionnaire-maxOccurs",
              "valueInteger": 1
            },
            {
              "url": "http://hl7.org/fhir/StructureDefinition/questionnaire-fhirType",
              "valueString": "uri"
            }
          ],
          "linkId": "DeviceUseRequest.implicitRules",
          "type": "group",
          "required": false,
          "repeats": true,
          "item": [
            {
              "extension": [
                {
                  "url": "http://hl7.org/fhir/StructureDefinition/questionnaire-itemControl",
                  "valueCodeableConcept": {
                    "coding": [
                      {
                        "system": "http://hl7.org/fhir/questionnaire-item-control",
                        "code": "flyover",
                        "display": "Fly-over"
                      }
                    ]
                  }
                }
              ],
              "text": "A reference to a set of rules that were followed when the resource was constructed, and which must be understood when processing the content. Asserting this rule set restricts the content to be only understood by a limited set of trading partners. This inherently limits the usefulness of the data in the long term. However, the existing health eco-system is highly fractured, and not yet ready to define, collect, and exchange data in a generally computable sense. Wherever possible, implementers and/or specification writers should avoid using this element as much as possible.",
              "type": "display"
            },
            {
              "linkId": "DeviceUseRequest.implicitRules.value",
              "text": "A set of rules under which this content was created",
              "type": "string",
              "required": false,
              "repeats": false
            }
          ]
        },
        {
          "extension": [
            {
              "url": "http://hl7.org/fhir/StructureDefinition/questionnaire-maxOccurs",
              "valueInteger": 1
            },
            {
              "url": "http://hl7.org/fhir/StructureDefinition/questionnaire-fhirType",
              "valueString": "code"
            }
          ],
          "linkId": "DeviceUseRequest.language",
          "type": "group",
          "required": false,
          "repeats": true,
          "item": [
            {
              "extension": [
                {
                  "url": "http://hl7.org/fhir/StructureDefinition/questionnaire-itemControl",
                  "valueCodeableConcept": {
                    "coding": [
                      {
                        "system": "http://hl7.org/fhir/questionnaire-item-control",
                        "code": "flyover",
                        "display": "Fly-over"
                      }
                    ]
                  }
                }
              ],
              "text": "The base language in which the resource is written. Language is provided to support indexing and accessibility (typically, services such as text to speech use the language tag). The html language tag in the narrative applies  to the narrative. The language tag on the resource may be used to specify the language of other presentations generated from the data in the resource  Not all the content has to be in the base language. The Resource.language should not be assumed to apply to the narrative automatically. If a language is specified, it should it also be specified on the div element in the html (see rules in HTML5 for information about the relationship between xml:lang and the html lang attribute).",
              "type": "display"
            },
            {
              "linkId": "DeviceUseRequest.language.value",
              "text": "language",
              "type": "choice",
              "required": false,
              "repeats": false
            }
          ]
        },
        {
          "extension": [
            {
              "url": "http://hl7.org/fhir/StructureDefinition/questionnaire-maxOccurs",
              "valueInteger": 1
            }
          ],
          "linkId": "DeviceUseRequest.text",
          "text": "Text summary of the resource, for human interpretation",
          "type": "group",
          "required": false,
          "repeats": true,
          "item": [
            {
              "extension": [
                {
                  "url": "http://hl7.org/fhir/StructureDefinition/questionnaire-itemControl",
                  "valueCodeableConcept": {
                    "coding": [
                      {
                        "system": "http://hl7.org/fhir/questionnaire-item-control",
                        "code": "flyover",
                        "display": "Fly-over"
                      }
                    ]
                  }
                }
              ],
              "text": "A human-readable narrative that contains a summary of the resource, and may be used to represent the content of the resource to a human. The narrative need not encode all the structured data, but is required to contain sufficient detail to make it \"clinically safe\" for a human to just read the narrative. Resource definitions may define what content should be represented in the narrative to ensure clinical safety. Contained resources do not have narrative. Resources that are not contained SHOULD have a narrative. In some cases, a resource may only have text with little or no additional discrete data (as long as all minOccurs=1 elements are satisfied).  This may be necessary for data from legacy systems where information is captured as a \"text blob\" or where text is additionally entered raw or narrated and encoded in formation is added later.",
              "type": "display"
            }
          ]
        },
        {
          "linkId": "DeviceUseRequest.contained",
          "text": "Contained, inline Resources",
          "type": "group",
          "required": false,
          "repeats": true,
          "item": [
            {
              "extension": [
                {
                  "url": "http://hl7.org/fhir/StructureDefinition/questionnaire-itemControl",
                  "valueCodeableConcept": {
                    "coding": [
                      {
                        "system": "http://hl7.org/fhir/questionnaire-item-control",
                        "code": "flyover",
                        "display": "Fly-over"
                      }
                    ]
                  }
                }
              ],
              "text": "These resources do not have an independent existence apart from the resource that contains them - they cannot be identified independently, and nor can they have their own independent transaction scope. This should never be done when the content can be identified properly, as once identification is lost, it is extremely difficult (and context dependent) to restore it again.",
              "type": "display"
            }
          ]
        },
        {
          "linkId": "DeviceUseRequest.extension",
          "text": "Additional Content defined by implementations",
          "type": "group",
          "required": false,
          "repeats": true,
          "item": [
            {
              "extension": [
                {
                  "url": "http://hl7.org/fhir/StructureDefinition/questionnaire-itemControl",
                  "valueCodeableConcept": {
                    "coding": [
                      {
                        "system": "http://hl7.org/fhir/questionnaire-item-control",
                        "code": "flyover",
                        "display": "Fly-over"
                      }
                    ]
                  }
                }
              ],
              "text": "May be used to represent additional information that is not part of the basic definition of the resource. In order to make the use of extensions safe and manageable, there is a strict set of governance  applied to the definition and use of extensions. Though any implementer is allowed to define an extension, there is a set of requirements that SHALL be met as part of the definition of the extension. There can be no stigma associated with the use of extensions by any application, project, or standard - regardless of the institution or jurisdiction that uses or defines the extensions.  The use of extensions is what allows the FHIR specification to retain a core level of simplicity for everyone.",
              "type": "display"
            }
          ]
        },
        {
          "linkId": "DeviceUseRequest.modifierExtension",
          "text": "Extensions that cannot be ignored",
          "type": "group",
          "required": false,
          "repeats": true,
          "item": [
            {
              "extension": [
                {
                  "url": "http://hl7.org/fhir/StructureDefinition/questionnaire-itemControl",
                  "valueCodeableConcept": {
                    "coding": [
                      {
                        "system": "http://hl7.org/fhir/questionnaire-item-control",
                        "code": "flyover",
                        "display": "Fly-over"
                      }
                    ]
                  }
                }
              ],
              "text": "May be used to represent additional information that is not part of the basic definition of the resource, and that modifies the understanding of the element that contains it. Usually modifier elements provide negation or qualification. In order to make the use of extensions safe and manageable, there is a strict set of governance applied to the definition and use of extensions. Though any implementer is allowed to define an extension, there is a set of requirements that SHALL be met as part of the definition of the extension. Applications processing a resource are required to check for modifier extensions. There can be no stigma associated with the use of extensions by any application, project, or standard - regardless of the institution or jurisdiction that uses or defines the extensions.  The use of extensions is what allows the FHIR specification to retain a core level of simplicity for everyone.",
              "type": "display"
            }
          ]
        },
        {
          "extension": [
            {
              "url": "http://hl7.org/fhir/StructureDefinition/questionnaire-fhirType",
              "valueString": "Identifier"
            }
          ],
          "linkId": "DeviceUseRequest.identifier",
          "text": "Request identifier",
          "type": "group",
          "required": false,
          "repeats": true,
          "item": [
            {
              "extension": [
                {
                  "url": "http://hl7.org/fhir/StructureDefinition/questionnaire-itemControl",
                  "valueCodeableConcept": {
                    "coding": [
                      {
                        "system": "http://hl7.org/fhir/questionnaire-item-control",
                        "code": "flyover",
                        "display": "Fly-over"
                      }
                    ]
                  }
                }
              ],
              "text": "Identifiers assigned to this order by the orderer or by the receiver.",
              "type": "display"
            },
            {
              "linkId": "DeviceUseRequest.identifier.label",
              "text": "label:",
              "type": "string",
              "required": false,
              "repeats": false
            },
            {
              "linkId": "DeviceUseRequest.identifier.system",
              "text": "system:",
              "type": "string",
              "required": false,
              "repeats": false
            },
            {
              "linkId": "DeviceUseRequest.identifier.value",
              "text": "value:",
              "type": "string",
              "required": false,
              "repeats": false
            }
          ]
        },
        {
          "extension": [
            {
              "url": "http://hl7.org/fhir/StructureDefinition/questionnaire-fhirType",
              "valueString": "Reference"
            }
          ],
          "linkId": "DeviceUseRequest.definition",
          "type": "group",
          "required": false,
          "repeats": true,
          "item": [
            {
              "extension": [
                {
                  "url": "http://hl7.org/fhir/StructureDefinition/questionnaire-itemControl",
                  "valueCodeableConcept": {
                    "coding": [
                      {
                        "system": "http://hl7.org/fhir/questionnaire-item-control",
                        "code": "flyover",
                        "display": "Fly-over"
                      }
                    ]
                  }
                }
              ],
              "text": "Protocol or definition followed by this request. For example: The proposed act must be performed if the indicated conditions occur, e.g.., shortness of breath, SpO2 less than x%.",
              "type": "display"
            },
            {
              "extension": [
                {
                  "url": "http://hl7.org/fhir/StructureDefinition/questionnaire-allowedResource",
                  "valueCode": "Resource"
                },
                {
                  "url": "http://hl7.org/fhir/StructureDefinition/questionnaire-referenceFilter",
                  "valueString": "subject=$subj&patient=$subj&encounter=$encounter"
                }
              ],
              "linkId": "DeviceUseRequest.definition.value",
              "text": "Protocol or definition",
              "type": "reference",
              "required": false,
              "repeats": false
            }
          ]
        },
        {
          "extension": [
            {
              "url": "http://hl7.org/fhir/StructureDefinition/questionnaire-fhirType",
              "valueString": "Reference"
            }
          ],
          "linkId": "DeviceUseRequest.basedOn",
          "type": "group",
          "required": false,
          "repeats": true,
          "item": [
            {
              "extension": [
                {
                  "url": "http://hl7.org/fhir/StructureDefinition/questionnaire-itemControl",
                  "valueCodeableConcept": {
                    "coding": [
                      {
                        "system": "http://hl7.org/fhir/questionnaire-item-control",
                        "code": "flyover",
                        "display": "Fly-over"
                      }
                    ]
                  }
                }
              ],
              "text": "Plan/proposal/order fulfilled by this request.",
              "type": "display"
            },
            {
              "extension": [
                {
                  "url": "http://hl7.org/fhir/StructureDefinition/questionnaire-allowedResource",
                  "valueCode": "Resource"
                },
                {
                  "url": "http://hl7.org/fhir/StructureDefinition/questionnaire-referenceFilter",
                  "valueString": "subject=$subj&patient=$subj&encounter=$encounter"
                }
              ],
              "linkId": "DeviceUseRequest.basedOn.value",
              "text": "What request fulfills",
              "type": "reference",
              "required": false,
              "repeats": false
            }
          ]
        },
        {
          "extension": [
            {
              "url": "http://hl7.org/fhir/StructureDefinition/questionnaire-fhirType",
              "valueString": "Reference"
            }
          ],
          "linkId": "DeviceUseRequest.replaces",
          "type": "group",
          "required": false,
          "repeats": true,
          "item": [
            {
              "extension": [
                {
                  "url": "http://hl7.org/fhir/StructureDefinition/questionnaire-itemControl",
                  "valueCodeableConcept": {
                    "coding": [
                      {
                        "system": "http://hl7.org/fhir/questionnaire-item-control",
                        "code": "flyover",
                        "display": "Fly-over"
                      }
                    ]
                  }
                }
              ],
              "text": "The request takes the place of the referenced completed or terminated request(s).",
              "type": "display"
            },
            {
              "extension": [
                {
                  "url": "http://hl7.org/fhir/StructureDefinition/questionnaire-allowedResource",
                  "valueCode": "Resource"
                },
                {
                  "url": "http://hl7.org/fhir/StructureDefinition/questionnaire-referenceFilter",
                  "valueString": "subject=$subj&patient=$subj&encounter=$encounter"
                }
              ],
              "linkId": "DeviceUseRequest.replaces.value",
              "text": "What request replaces",
              "type": "reference",
              "required": false,
              "repeats": false
            }
          ]
        },
        {
          "extension": [
            {
              "url": "http://hl7.org/fhir/StructureDefinition/questionnaire-maxOccurs",
              "valueInteger": 1
            },
            {
              "url": "http://hl7.org/fhir/StructureDefinition/questionnaire-fhirType",
              "valueString": "Identifier"
            }
          ],
          "linkId": "DeviceUseRequest.requisition",
          "text": "Identifier of composite request",
          "type": "group",
          "required": false,
          "repeats": true,
          "item": [
            {
              "extension": [
                {
                  "url": "http://hl7.org/fhir/StructureDefinition/questionnaire-itemControl",
                  "valueCodeableConcept": {
                    "coding": [
                      {
                        "system": "http://hl7.org/fhir/questionnaire-item-control",
                        "code": "flyover",
                        "display": "Fly-over"
                      }
                    ]
                  }
                }
              ],
              "text": "Composite request this is part of.",
              "type": "display"
            },
            {
              "linkId": "DeviceUseRequest.requisition.label",
              "text": "label:",
              "type": "string",
              "required": false,
              "repeats": false
            },
            {
              "linkId": "DeviceUseRequest.requisition.system",
              "text": "system:",
              "type": "string",
              "required": false,
              "repeats": false
            },
            {
              "linkId": "DeviceUseRequest.requisition.value",
              "text": "value:",
              "type": "string",
              "required": false,
              "repeats": false
            }
          ]
        },
        {
          "extension": [
            {
              "url": "http://hl7.org/fhir/StructureDefinition/questionnaire-maxOccurs",
              "valueInteger": 1
            },
            {
              "url": "http://hl7.org/fhir/StructureDefinition/questionnaire-fhirType",
              "valueString": "code"
            }
          ],
          "linkId": "DeviceUseRequest.status",
          "type": "group",
          "required": false,
          "repeats": true,
          "item": [
            {
              "extension": [
                {
                  "url": "http://hl7.org/fhir/StructureDefinition/questionnaire-itemControl",
                  "valueCodeableConcept": {
                    "coding": [
                      {
                        "system": "http://hl7.org/fhir/questionnaire-item-control",
                        "code": "flyover",
                        "display": "Fly-over"
                      }
                    ]
                  }
                }
              ],
              "text": "The status of the request.",
              "type": "display"
            },
            {
              "linkId": "DeviceUseRequest.status.value",
              "text": "status",
              "type": "choice",
              "required": false,
              "repeats": false
            }
          ]
        },
        {
          "extension": [
            {
              "url": "http://hl7.org/fhir/StructureDefinition/questionnaire-minOccurs",
              "valueInteger": 1
            },
            {
              "url": "http://hl7.org/fhir/StructureDefinition/questionnaire-maxOccurs",
              "valueInteger": 1
            },
            {
              "url": "http://hl7.org/fhir/StructureDefinition/questionnaire-fhirType",
              "valueString": "CodeableConcept"
            }
          ],
          "linkId": "DeviceUseRequest.stage",
          "text": "proposal | plan | original-order | encoded | reflex-order",
          "type": "group",
          "required": true,
          "repeats": true,
          "item": [
            {
              "extension": [
                {
                  "url": "http://hl7.org/fhir/StructureDefinition/questionnaire-itemControl",
                  "valueCodeableConcept": {
                    "coding": [
                      {
                        "system": "http://hl7.org/fhir/questionnaire-item-control",
                        "code": "flyover",
                        "display": "Fly-over"
                      }
                    ]
                  }
                }
              ],
              "text": "Whether the request is a proposal, plan, an original order or a reflex order.",
              "type": "display"
            },
            {
              "linkId": "DeviceUseRequest.stage.coding",
              "text": "code:",
              "type": "open-choice",
              "required": false,
              "repeats": false
            },
            {
              "linkId": "DeviceUseRequest.stage.text",
              "text": "text:",
              "type": "string",
              "required": false,
              "repeats": false
            }
          ]
        },
        {
          "extension": [
            {
              "url": "http://hl7.org/fhir/StructureDefinition/questionnaire-minOccurs",
              "valueInteger": 1
            },
            {
              "url": "http://hl7.org/fhir/StructureDefinition/questionnaire-maxOccurs",
              "valueInteger": 1
            }
          ],
          "linkId": "DeviceUseRequest.device[x]",
          "text": "Device requested",
          "type": "group",
          "required": true,
          "repeats": true,
          "item": [
            {
              "extension": [
                {
                  "url": "http://hl7.org/fhir/StructureDefinition/questionnaire-itemControl",
                  "valueCodeableConcept": {
                    "coding": [
                      {
                        "system": "http://hl7.org/fhir/questionnaire-item-control",
                        "code": "flyover",
                        "display": "Fly-over"
                      }
                    ]
                  }
                }
              ],
              "text": "The details of the device to be used.",
              "type": "display"
            },
            {
              "linkId": "DeviceUseRequest.device[x]._type",
              "text": "type",
              "type": "choice",
              "required": false,
              "repeats": false,
              "options": {
                "reference": "#vs2"
              },
              "item": [
                {
                  "extension": [
                    {
                      "url": "http://hl7.org/fhir/StructureDefinition/questionnaire-fhirType",
                      "valueString": "Reference"
                    }
                  ],
                  "linkId": "DeviceUseRequest.device[x]._Device",
                  "type": "group",
                  "item": [
                    {
                      "extension": [
                        {
                          "url": "http://hl7.org/fhir/StructureDefinition/questionnaire-allowedResource",
                          "valueCode": "Device"
                        },
                        {
                          "url": "http://hl7.org/fhir/StructureDefinition/questionnaire-referenceFilter",
                          "valueString": "subject=$subj&patient=$subj&encounter=$encounter"
                        }
                      ],
                      "linkId": "DeviceUseRequest.device[x]._Device.value",
                      "text": "Device",
                      "type": "reference",
                      "required": false,
                      "repeats": false
                    }
                  ]
                },
                {
                  "extension": [
                    {
                      "url": "http://hl7.org/fhir/StructureDefinition/questionnaire-fhirType",
                      "valueString": "CodeableConcept"
                    }
                  ],
                  "linkId": "DeviceUseRequest.device[x]._CodeableConcept",
                  "text": "CodeableConcept",
                  "type": "group",
                  "item": [
                    {
                      "linkId": "DeviceUseRequest.device[x]._CodeableConcept.coding",
                      "text": "code:",
                      "type": "open-choice",
                      "required": false,
                      "repeats": false
                    },
                    {
                      "linkId": "DeviceUseRequest.device[x]._CodeableConcept.text",
                      "text": "text:",
                      "type": "string",
                      "required": false,
                      "repeats": false
                    }
                  ]
                }
              ]
            }
          ]
        },
        {
          "extension": [
            {
              "url": "http://hl7.org/fhir/StructureDefinition/questionnaire-minOccurs",
              "valueInteger": 1
            },
            {
              "url": "http://hl7.org/fhir/StructureDefinition/questionnaire-maxOccurs",
              "valueInteger": 1
            }
          ],
          "linkId": "DeviceUseRequest.subject",
          "text": "Focus of request",
          "type": "group",
          "required": true,
          "repeats": true,
          "item": [
            {
              "extension": [
                {
                  "url": "http://hl7.org/fhir/StructureDefinition/questionnaire-itemControl",
                  "valueCodeableConcept": {
                    "coding": [
                      {
                        "system": "http://hl7.org/fhir/questionnaire-item-control",
                        "code": "flyover",
                        "display": "Fly-over"
                      }
                    ]
                  }
                }
              ],
              "text": "The patient who will use the device.",
              "type": "display"
            },
            {
              "linkId": "DeviceUseRequest.subject._type",
              "text": "type",
              "type": "choice",
              "required": false,
              "repeats": false,
              "options": {
                "reference": "#vs3"
              },
              "item": [
                {
                  "extension": [
                    {
                      "url": "http://hl7.org/fhir/StructureDefinition/questionnaire-fhirType",
                      "valueString": "Reference"
                    }
                  ],
                  "linkId": "DeviceUseRequest.subject._Patient",
                  "type": "group",
                  "item": [
                    {
                      "extension": [
                        {
                          "url": "http://hl7.org/fhir/StructureDefinition/questionnaire-allowedResource",
                          "valueCode": "Patient"
                        },
                        {
                          "url": "http://hl7.org/fhir/StructureDefinition/questionnaire-referenceFilter",
                          "valueString": "subject=$subj&patient=$subj&encounter=$encounter"
                        }
                      ],
                      "linkId": "DeviceUseRequest.subject._Patient.value",
                      "text": "Patient",
                      "type": "reference",
                      "required": false,
                      "repeats": false
                    }
                  ]
                },
                {
                  "extension": [
                    {
                      "url": "http://hl7.org/fhir/StructureDefinition/questionnaire-fhirType",
                      "valueString": "Reference"
                    }
                  ],
                  "linkId": "DeviceUseRequest.subject._Group",
                  "type": "group",
                  "item": [
                    {
                      "extension": [
                        {
                          "url": "http://hl7.org/fhir/StructureDefinition/questionnaire-allowedResource",
                          "valueCode": "Group"
                        },
                        {
                          "url": "http://hl7.org/fhir/StructureDefinition/questionnaire-referenceFilter",
                          "valueString": "subject=$subj&patient=$subj&encounter=$encounter"
                        }
                      ],
                      "linkId": "DeviceUseRequest.subject._Group.value",
                      "text": "Group",
                      "type": "reference",
                      "required": false,
                      "repeats": false
                    }
                  ]
                },
                {
                  "extension": [
                    {
                      "url": "http://hl7.org/fhir/StructureDefinition/questionnaire-fhirType",
                      "valueString": "Reference"
                    }
                  ],
                  "linkId": "DeviceUseRequest.subject._Location",
                  "type": "group",
                  "item": [
                    {
                      "extension": [
                        {
                          "url": "http://hl7.org/fhir/StructureDefinition/questionnaire-allowedResource",
                          "valueCode": "Location"
                        },
                        {
                          "url": "http://hl7.org/fhir/StructureDefinition/questionnaire-referenceFilter",
                          "valueString": "subject=$subj&patient=$subj&encounter=$encounter"
                        }
                      ],
                      "linkId": "DeviceUseRequest.subject._Location.value",
                      "text": "Location",
                      "type": "reference",
                      "required": false,
                      "repeats": false
                    }
                  ]
                },
                {
                  "extension": [
                    {
                      "url": "http://hl7.org/fhir/StructureDefinition/questionnaire-fhirType",
                      "valueString": "Reference"
                    }
                  ],
                  "linkId": "DeviceUseRequest.subject._Device",
                  "type": "group",
                  "item": [
                    {
                      "extension": [
                        {
                          "url": "http://hl7.org/fhir/StructureDefinition/questionnaire-allowedResource",
                          "valueCode": "Device"
                        },
                        {
                          "url": "http://hl7.org/fhir/StructureDefinition/questionnaire-referenceFilter",
                          "valueString": "subject=$subj&patient=$subj&encounter=$encounter"
                        }
                      ],
                      "linkId": "DeviceUseRequest.subject._Device.value",
                      "text": "Device",
                      "type": "reference",
                      "required": false,
                      "repeats": false
                    }
                  ]
                }
              ]
            }
          ]
        },
        {
          "extension": [
            {
              "url": "http://hl7.org/fhir/StructureDefinition/questionnaire-maxOccurs",
              "valueInteger": 1
            }
          ],
          "linkId": "DeviceUseRequest.context",
          "text": "Encounter or Episode motivating request",
          "type": "group",
          "required": false,
          "repeats": true,
          "item": [
            {
              "extension": [
                {
                  "url": "http://hl7.org/fhir/StructureDefinition/questionnaire-itemControl",
                  "valueCodeableConcept": {
                    "coding": [
                      {
                        "system": "http://hl7.org/fhir/questionnaire-item-control",
                        "code": "flyover",
                        "display": "Fly-over"
                      }
                    ]
                  }
                }
              ],
              "text": "An encounter that provides additional context in which this request is made.",
              "type": "display"
            },
            {
              "linkId": "DeviceUseRequest.context._type",
              "text": "type",
              "type": "choice",
              "required": false,
              "repeats": false,
              "options": {
                "reference": "#vs4"
              },
              "item": [
                {
                  "extension": [
                    {
                      "url": "http://hl7.org/fhir/StructureDefinition/questionnaire-fhirType",
                      "valueString": "Reference"
                    }
                  ],
                  "linkId": "DeviceUseRequest.context._Encounter",
                  "type": "group",
                  "item": [
                    {
                      "extension": [
                        {
                          "url": "http://hl7.org/fhir/StructureDefinition/questionnaire-allowedResource",
                          "valueCode": "Encounter"
                        },
                        {
                          "url": "http://hl7.org/fhir/StructureDefinition/questionnaire-referenceFilter",
                          "valueString": "subject=$subj&patient=$subj&encounter=$encounter"
                        }
                      ],
                      "linkId": "DeviceUseRequest.context._Encounter.value",
                      "text": "Encounter",
                      "type": "reference",
                      "required": false,
                      "repeats": false
                    }
                  ]
                },
                {
                  "extension": [
                    {
                      "url": "http://hl7.org/fhir/StructureDefinition/questionnaire-fhirType",
                      "valueString": "Reference"
                    }
                  ],
                  "linkId": "DeviceUseRequest.context._EpisodeOfCare",
                  "type": "group",
                  "item": [
                    {
                      "extension": [
                        {
                          "url": "http://hl7.org/fhir/StructureDefinition/questionnaire-allowedResource",
                          "valueCode": "EpisodeOfCare"
                        },
                        {
                          "url": "http://hl7.org/fhir/StructureDefinition/questionnaire-referenceFilter",
                          "valueString": "subject=$subj&patient=$subj&encounter=$encounter"
                        }
                      ],
                      "linkId": "DeviceUseRequest.context._EpisodeOfCare.value",
                      "text": "EpisodeOfCare",
                      "type": "reference",
                      "required": false,
                      "repeats": false
                    }
                  ]
                }
              ]
            }
          ]
        },
        {
          "extension": [
            {
              "url": "http://hl7.org/fhir/StructureDefinition/questionnaire-maxOccurs",
              "valueInteger": 1
            }
          ],
          "linkId": "DeviceUseRequest.occurrence[x]",
          "text": "Desired time or schedule for use",
          "type": "group",
          "required": false,
          "repeats": true,
          "item": [
            {
              "extension": [
                {
                  "url": "http://hl7.org/fhir/StructureDefinition/questionnaire-itemControl",
                  "valueCodeableConcept": {
                    "coding": [
                      {
                        "system": "http://hl7.org/fhir/questionnaire-item-control",
                        "code": "flyover",
                        "display": "Fly-over"
                      }
                    ]
                  }
                }
              ],
              "text": "The timing schedule for the use of the device. The Schedule data type allows many different expressions, for example. \"Every 8 hours\"; \"Three times a day\"; \"1/2 an hour before breakfast for 10 days from 23-Dec 2011:\"; \"15 Oct 2013, 17 Oct 2013 and 1 Nov 2013\".",
              "type": "display"
            },
            {
              "linkId": "DeviceUseRequest.occurrence[x]._type",
              "text": "type",
              "type": "choice",
              "required": false,
              "repeats": false,
              "options": {
                "reference": "#vs5"
              },
              "item": [
                {
                  "extension": [
                    {
                      "url": "http://hl7.org/fhir/StructureDefinition/questionnaire-fhirType",
                      "valueString": "datetime"
                    }
                  ],
                  "linkId": "DeviceUseRequest.occurrence[x]._dateTime",
                  "type": "group",
                  "item": [
                    {
                      "linkId": "DeviceUseRequest.occurrence[x]._dateTime.value",
                      "text": "dateTime",
                      "type": "dateTime",
                      "required": false,
                      "repeats": false
                    }
                  ]
                },
                {
                  "extension": [
                    {
                      "url": "http://hl7.org/fhir/StructureDefinition/questionnaire-fhirType",
                      "valueString": "Period"
                    }
                  ],
                  "linkId": "DeviceUseRequest.occurrence[x]._Period",
                  "text": "Period",
                  "type": "group",
                  "item": [
                    {
                      "linkId": "DeviceUseRequest.occurrence[x]._Period.low",
                      "text": "start:",
                      "type": "dateTime",
                      "required": false,
                      "repeats": false
                    },
                    {
                      "linkId": "DeviceUseRequest.occurrence[x]._Period.end",
                      "text": "end:",
                      "type": "dateTime",
                      "required": false,
                      "repeats": false
                    }
                  ]
                },
                {
                  "extension": [
                    {
                      "url": "http://hl7.org/fhir/StructureDefinition/questionnaire-fhirType",
                      "valueString": "Schedule"
                    }
                  ],
                  "linkId": "DeviceUseRequest.occurrence[x]._Timing",
                  "text": "Timing",
                  "type": "group",
                  "item": [
                    {
                      "linkId": "DeviceUseRequest.occurrence[x]._Timing.text",
                      "text": "text:",
                      "type": "string",
                      "required": false,
                      "repeats": false
                    },
                    {
                      "linkId": "DeviceUseRequest.occurrence[x]._Timing.date",
                      "text": "date:",
                      "type": "dateTime",
                      "required": false,
                      "repeats": false
                    },
                    {
                      "extension": [
                        {
                          "url": "http://hl7.org/fhir/StructureDefinition/questionnaire-allowedResource",
                          "valueCode": "Patient"
                        },
                        {
                          "url": "http://hl7.org/fhir/StructureDefinition/questionnaire-allowedResource",
                          "valueCode": "Practitioner"
                        },
                        {
                          "url": "http://hl7.org/fhir/StructureDefinition/questionnaire-allowedResource",
                          "valueCode": "RelatedPerson"
                        }
                      ],
                      "linkId": "DeviceUseRequest.occurrence[x]._Timing.author",
                      "text": "author:",
                      "type": "reference",
                      "required": false,
                      "repeats": false
                    }
                  ]
                }
              ]
            }
          ]
        },
        {
          "extension": [
            {
              "url": "http://hl7.org/fhir/StructureDefinition/questionnaire-maxOccurs",
              "valueInteger": 1
            },
            {
              "url": "http://hl7.org/fhir/StructureDefinition/questionnaire-fhirType",
              "valueString": "datetime"
            }
          ],
          "linkId": "DeviceUseRequest.authored",
          "type": "group",
          "required": false,
          "repeats": true,
          "item": [
            {
              "extension": [
                {
                  "url": "http://hl7.org/fhir/StructureDefinition/questionnaire-itemControl",
                  "valueCodeableConcept": {
                    "coding": [
                      {
                        "system": "http://hl7.org/fhir/questionnaire-item-control",
                        "code": "flyover",
                        "display": "Fly-over"
                      }
                    ]
                  }
                }
              ],
              "text": "When the request transitioned to being actionable.",
              "type": "display"
            },
            {
              "linkId": "DeviceUseRequest.authored.value",
              "text": "When recorded",
              "type": "dateTime",
              "required": false,
              "repeats": false
            }
          ]
        },
        {
          "extension": [
            {
              "url": "http://hl7.org/fhir/StructureDefinition/questionnaire-maxOccurs",
              "valueInteger": 1
            }
          ],
          "linkId": "DeviceUseRequest.requester",
          "text": "Who/what is requesting diagnostics",
          "type": "group",
          "required": false,
          "repeats": true,
          "item": [
            {
              "extension": [
                {
                  "url": "http://hl7.org/fhir/StructureDefinition/questionnaire-itemControl",
                  "valueCodeableConcept": {
                    "coding": [
                      {
                        "system": "http://hl7.org/fhir/questionnaire-item-control",
                        "code": "flyover",
                        "display": "Fly-over"
                      }
                    ]
                  }
                }
              ],
              "text": "Who/what is requesting diagnostics.  The practitioner that holds legal responsibility for ordering the investigation.",
              "type": "display"
            },
            {
              "linkId": "DeviceUseRequest.requester._type",
              "text": "type",
              "type": "choice",
              "required": false,
              "repeats": false,
              "options": {
                "reference": "#vs6"
              },
              "item": [
                {
                  "extension": [
                    {
                      "url": "http://hl7.org/fhir/StructureDefinition/questionnaire-fhirType",
                      "valueString": "Reference"
                    }
                  ],
                  "linkId": "DeviceUseRequest.requester._Device",
                  "type": "group",
                  "item": [
                    {
                      "extension": [
                        {
                          "url": "http://hl7.org/fhir/StructureDefinition/questionnaire-allowedResource",
                          "valueCode": "Device"
                        },
                        {
                          "url": "http://hl7.org/fhir/StructureDefinition/questionnaire-referenceFilter",
                          "valueString": "subject=$subj&patient=$subj&encounter=$encounter"
                        }
                      ],
                      "linkId": "DeviceUseRequest.requester._Device.value",
                      "text": "Device",
                      "type": "reference",
                      "required": false,
                      "repeats": false
                    }
                  ]
                },
                {
                  "extension": [
                    {
                      "url": "http://hl7.org/fhir/StructureDefinition/questionnaire-fhirType",
                      "valueString": "Reference"
                    }
                  ],
                  "linkId": "DeviceUseRequest.requester._Practitioner",
                  "type": "group",
                  "item": [
                    {
                      "extension": [
                        {
                          "url": "http://hl7.org/fhir/StructureDefinition/questionnaire-allowedResource",
                          "valueCode": "Practitioner"
                        },
                        {
                          "url": "http://hl7.org/fhir/StructureDefinition/questionnaire-referenceFilter",
                          "valueString": "subject=$subj&patient=$subj&encounter=$encounter"
                        }
                      ],
                      "linkId": "DeviceUseRequest.requester._Practitioner.value",
                      "text": "Practitioner",
                      "type": "reference",
                      "required": false,
                      "repeats": false
                    }
                  ]
                },
                {
                  "extension": [
                    {
                      "url": "http://hl7.org/fhir/StructureDefinition/questionnaire-fhirType",
                      "valueString": "Reference"
                    }
                  ],
                  "linkId": "DeviceUseRequest.requester._Organization",
                  "type": "group",
                  "item": [
                    {
                      "extension": [
                        {
                          "url": "http://hl7.org/fhir/StructureDefinition/questionnaire-allowedResource",
                          "valueCode": "Organization"
                        },
                        {
                          "url": "http://hl7.org/fhir/StructureDefinition/questionnaire-referenceFilter",
                          "valueString": "subject=$subj&patient=$subj&encounter=$encounter"
                        }
                      ],
                      "linkId": "DeviceUseRequest.requester._Organization.value",
                      "text": "Organization",
                      "type": "reference",
                      "required": false,
                      "repeats": false
                    }
                  ]
                }
              ]
            }
          ]
        },
        {
          "extension": [
            {
              "url": "http://hl7.org/fhir/StructureDefinition/questionnaire-maxOccurs",
              "valueInteger": 1
            },
            {
              "url": "http://hl7.org/fhir/StructureDefinition/questionnaire-fhirType",
              "valueString": "CodeableConcept"
            }
          ],
          "linkId": "DeviceUseRequest.performerType",
          "text": "Fille role",
          "type": "group",
          "required": false,
          "repeats": true,
          "item": [
            {
              "extension": [
                {
                  "url": "http://hl7.org/fhir/StructureDefinition/questionnaire-itemControl",
                  "valueCodeableConcept": {
                    "coding": [
                      {
                        "system": "http://hl7.org/fhir/questionnaire-item-control",
                        "code": "flyover",
                        "display": "Fly-over"
                      }
                    ]
                  }
                }
              ],
              "text": "Desired type of performer for doing the diagnostic testing.",
              "type": "display"
            },
            {
              "linkId": "DeviceUseRequest.performerType.coding",
              "text": "code:",
              "type": "open-choice",
              "required": false,
              "repeats": false
            },
            {
              "linkId": "DeviceUseRequest.performerType.text",
              "text": "text:",
              "type": "string",
              "required": false,
              "repeats": false
            }
          ]
        },
        {
          "extension": [
            {
              "url": "http://hl7.org/fhir/StructureDefinition/questionnaire-maxOccurs",
              "valueInteger": 1
            }
          ],
          "linkId": "DeviceUseRequest.performer",
          "text": "Requested Filler",
          "type": "group",
          "required": false,
          "repeats": true,
          "item": [
            {
              "extension": [
                {
                  "url": "http://hl7.org/fhir/StructureDefinition/questionnaire-itemControl",
                  "valueCodeableConcept": {
                    "coding": [
                      {
                        "system": "http://hl7.org/fhir/questionnaire-item-control",
                        "code": "flyover",
                        "display": "Fly-over"
                      }
                    ]
                  }
                }
              ],
              "text": "The desired perfomer for doing the diagnostic testing.",
              "type": "display"
            },
            {
              "linkId": "DeviceUseRequest.performer._type",
              "text": "type",
              "type": "choice",
              "required": false,
              "repeats": false,
              "options": {
                "reference": "#vs7"
              },
              "item": [
                {
                  "extension": [
                    {
                      "url": "http://hl7.org/fhir/StructureDefinition/questionnaire-fhirType",
                      "valueString": "Reference"
                    }
                  ],
                  "linkId": "DeviceUseRequest.performer._Practitioner",
                  "type": "group",
                  "item": [
                    {
                      "extension": [
                        {
                          "url": "http://hl7.org/fhir/StructureDefinition/questionnaire-allowedResource",
                          "valueCode": "Practitioner"
                        },
                        {
                          "url": "http://hl7.org/fhir/StructureDefinition/questionnaire-referenceFilter",
                          "valueString": "subject=$subj&patient=$subj&encounter=$encounter"
                        }
                      ],
                      "linkId": "DeviceUseRequest.performer._Practitioner.value",
                      "text": "Practitioner",
                      "type": "reference",
                      "required": false,
                      "repeats": false
                    }
                  ]
                },
                {
                  "extension": [
                    {
                      "url": "http://hl7.org/fhir/StructureDefinition/questionnaire-fhirType",
                      "valueString": "Reference"
                    }
                  ],
                  "linkId": "DeviceUseRequest.performer._Organization",
                  "type": "group",
                  "item": [
                    {
                      "extension": [
                        {
                          "url": "http://hl7.org/fhir/StructureDefinition/questionnaire-allowedResource",
                          "valueCode": "Organization"
                        },
                        {
                          "url": "http://hl7.org/fhir/StructureDefinition/questionnaire-referenceFilter",
                          "valueString": "subject=$subj&patient=$subj&encounter=$encounter"
                        }
                      ],
                      "linkId": "DeviceUseRequest.performer._Organization.value",
                      "text": "Organization",
                      "type": "reference",
                      "required": false,
                      "repeats": false
                    }
                  ]
                },
                {
                  "extension": [
                    {
                      "url": "http://hl7.org/fhir/StructureDefinition/questionnaire-fhirType",
                      "valueString": "Reference"
                    }
                  ],
                  "linkId": "DeviceUseRequest.performer._Patient",
                  "type": "group",
                  "item": [
                    {
                      "extension": [
                        {
                          "url": "http://hl7.org/fhir/StructureDefinition/questionnaire-allowedResource",
                          "valueCode": "Patient"
                        },
                        {
                          "url": "http://hl7.org/fhir/StructureDefinition/questionnaire-referenceFilter",
                          "valueString": "subject=$subj&patient=$subj&encounter=$encounter"
                        }
                      ],
                      "linkId": "DeviceUseRequest.performer._Patient.value",
                      "text": "Patient",
                      "type": "reference",
                      "required": false,
                      "repeats": false
                    }
                  ]
                },
                {
                  "extension": [
                    {
                      "url": "http://hl7.org/fhir/StructureDefinition/questionnaire-fhirType",
                      "valueString": "Reference"
                    }
                  ],
                  "linkId": "DeviceUseRequest.performer._Device",
                  "type": "group",
                  "item": [
                    {
                      "extension": [
                        {
                          "url": "http://hl7.org/fhir/StructureDefinition/questionnaire-allowedResource",
                          "valueCode": "Device"
                        },
                        {
                          "url": "http://hl7.org/fhir/StructureDefinition/questionnaire-referenceFilter",
                          "valueString": "subject=$subj&patient=$subj&encounter=$encounter"
                        }
                      ],
                      "linkId": "DeviceUseRequest.performer._Device.value",
                      "text": "Device",
                      "type": "reference",
                      "required": false,
                      "repeats": false
                    }
                  ]
                },
                {
                  "extension": [
                    {
                      "url": "http://hl7.org/fhir/StructureDefinition/questionnaire-fhirType",
                      "valueString": "Reference"
                    }
                  ],
                  "linkId": "DeviceUseRequest.performer._RelatedPerson",
                  "type": "group",
                  "item": [
                    {
                      "extension": [
                        {
                          "url": "http://hl7.org/fhir/StructureDefinition/questionnaire-allowedResource",
                          "valueCode": "RelatedPerson"
                        },
                        {
                          "url": "http://hl7.org/fhir/StructureDefinition/questionnaire-referenceFilter",
                          "valueString": "subject=$subj&patient=$subj&encounter=$encounter"
                        }
                      ],
                      "linkId": "DeviceUseRequest.performer._RelatedPerson.value",
                      "text": "RelatedPerson",
                      "type": "reference",
                      "required": false,
                      "repeats": false
                    }
                  ]
                }
              ]
            }
          ]
        },
        {
          "extension": [
            {
              "url": "http://hl7.org/fhir/StructureDefinition/questionnaire-fhirType",
              "valueString": "CodeableConcept"
            }
          ],
          "linkId": "DeviceUseRequest.reasonCode",
          "text": "Coded Reason for request",
          "type": "group",
          "required": false,
          "repeats": true,
          "item": [
            {
              "extension": [
                {
                  "url": "http://hl7.org/fhir/StructureDefinition/questionnaire-itemControl",
                  "valueCodeableConcept": {
                    "coding": [
                      {
                        "system": "http://hl7.org/fhir/questionnaire-item-control",
                        "code": "flyover",
                        "display": "Fly-over"
                      }
                    ]
                  }
                }
              ],
              "text": "Reason or justification for the use of this device.",
              "type": "display"
            },
            {
              "linkId": "DeviceUseRequest.reasonCode.coding",
              "text": "code:",
              "type": "open-choice",
              "required": false,
              "repeats": false
            },
            {
              "linkId": "DeviceUseRequest.reasonCode.text",
              "text": "text:",
              "type": "string",
              "required": false,
              "repeats": false
            }
          ]
        },
        {
          "extension": [
            {
              "url": "http://hl7.org/fhir/StructureDefinition/questionnaire-fhirType",
              "valueString": "Reference"
            }
          ],
          "linkId": "DeviceUseRequest.reasonReference",
          "type": "group",
          "required": false,
          "repeats": true,
          "item": [
            {
              "extension": [
                {
                  "url": "http://hl7.org/fhir/StructureDefinition/questionnaire-itemControl",
                  "valueCodeableConcept": {
                    "coding": [
                      {
                        "system": "http://hl7.org/fhir/questionnaire-item-control",
                        "code": "flyover",
                        "display": "Fly-over"
                      }
                    ]
                  }
                }
              ],
              "text": "Reason or justification for the use of this device.",
              "type": "display"
            },
            {
              "extension": [
                {
                  "url": "http://hl7.org/fhir/StructureDefinition/questionnaire-allowedResource",
                  "valueCode": "Resource"
                },
                {
                  "url": "http://hl7.org/fhir/StructureDefinition/questionnaire-referenceFilter",
                  "valueString": "subject=$subj&patient=$subj&encounter=$encounter"
                }
              ],
              "linkId": "DeviceUseRequest.reasonReference.value",
              "text": "Linked Reason for request",
              "type": "reference",
              "required": false,
              "repeats": false
            }
          ]
        },
        {
          "extension": [
            {
              "url": "http://hl7.org/fhir/StructureDefinition/questionnaire-fhirType",
              "valueString": "Reference"
            }
          ],
          "linkId": "DeviceUseRequest.supportingInfo",
          "type": "group",
          "required": false,
          "repeats": true,
          "item": [
            {
              "extension": [
                {
                  "url": "http://hl7.org/fhir/StructureDefinition/questionnaire-itemControl",
                  "valueCodeableConcept": {
                    "coding": [
                      {
                        "system": "http://hl7.org/fhir/questionnaire-item-control",
                        "code": "flyover",
                        "display": "Fly-over"
                      }
                    ]
                  }
                }
              ],
              "text": "Additional clinical information about the patient that may influence the request fulfilment.  For example, this may includes body where on the subject's the device will be used ( i.e. the target site).",
              "type": "display"
            },
            {
              "extension": [
                {
                  "url": "http://hl7.org/fhir/StructureDefinition/questionnaire-allowedResource",
                  "valueCode": "Resource"
                },
                {
                  "url": "http://hl7.org/fhir/StructureDefinition/questionnaire-referenceFilter",
                  "valueString": "subject=$subj&patient=$subj&encounter=$encounter"
                }
              ],
              "linkId": "DeviceUseRequest.supportingInfo.value",
              "text": "Additional clinical information",
              "type": "reference",
              "required": false,
              "repeats": false
            }
          ]
        },
        {
          "extension": [
            {
              "url": "http://hl7.org/fhir/StructureDefinition/questionnaire-fhirType",
              "valueString": "Annotation"
            }
          ],
          "linkId": "DeviceUseRequest.note",
          "text": "Notes or comments",
          "type": "group",
          "required": false,
          "repeats": true,
          "item": [
            {
              "extension": [
                {
                  "url": "http://hl7.org/fhir/StructureDefinition/questionnaire-itemControl",
                  "valueCodeableConcept": {
                    "coding": [
                      {
                        "system": "http://hl7.org/fhir/questionnaire-item-control",
                        "code": "flyover",
                        "display": "Fly-over"
                      }
                    ]
                  }
                }
              ],
              "text": "Details about this request that were not represented at all or sufficiently in one of the attributes provided in a class. These may include for example a comment, an instruction, or a note associated with the statement.",
              "type": "display"
            }
          ]
        },
        {
          "extension": [
            {
              "url": "http://hl7.org/fhir/StructureDefinition/questionnaire-fhirType",
              "valueString": "Reference"
            }
          ],
          "linkId": "DeviceUseRequest.relevantHistory",
          "type": "group",
          "required": false,
          "repeats": true,
          "item": [
            {
              "extension": [
                {
                  "url": "http://hl7.org/fhir/StructureDefinition/questionnaire-itemControl",
                  "valueCodeableConcept": {
                    "coding": [
                      {
                        "system": "http://hl7.org/fhir/questionnaire-item-control",
                        "code": "flyover",
                        "display": "Fly-over"
                      }
                    ]
                  }
                }
              ],
              "text": "Key events in the history of the request. This may not include provenances for all versions of the request – only those deemed “relevant” or important.\rThis SHALL NOT include the Provenance associated with this current version of the resource.  (If that provenance is deemed to be a “relevant” change, it will need to be added as part of a later update.  Until then, it can be queried directly as the Provenance that points to this version using _revinclude\rAll Provenances should have some historical version of this Request as their subject.",
              "type": "display"
            },
            {
              "extension": [
                {
                  "url": "http://hl7.org/fhir/StructureDefinition/questionnaire-allowedResource",
                  "valueCode": "Provenance"
                },
                {
                  "url": "http://hl7.org/fhir/StructureDefinition/questionnaire-referenceFilter",
                  "valueString": "subject=$subj&patient=$subj&encounter=$encounter"
                }
              ],
              "linkId": "DeviceUseRequest.relevantHistory.value",
              "text": "Request provenance",
              "type": "reference",
              "required": false,
              "repeats": false
            }
          ]
        }
      ]
    }
  ]
}