{
  "resourceType": "Questionnaire",
  "id": "qs1",
  "identifier": [
    {
      "system": "urn:ietf:rfc:3986"
    }
  ],
  "status": "draft",
  "date": "2016-10-27T16:23:35+00:00",
  "publisher": "Health Level Seven International (Patient Administration)",
  "item": [
    {
      "linkId": "EpisodeOfCare",
      "text": "An association of a Patient with an Organization and  Healthcare Provider(s) for a period of time that the Organization assumes some level of responsibility",
      "type": "group",
      "required": false,
      "repeats": true,
      "item": [
        {
          "extension": [
            {
              "url": "http://hl7.org/fhir/StructureDefinition/questionnaire-itemControl",
              "valueCodeableConcept": {
                "coding": [
                  {
                    "system": "http://hl7.org/fhir/questionnaire-item-control",
                    "code": "flyover",
                    "display": "Fly-over"
                  }
                ]
              }
            }
          ],
          "text": "An association between a patient and an organization / healthcare provider(s) during which time encounters may occur. The managing organization assumes a level of responsibility for the patient during this time.",
          "type": "display"
        },
        {
          "extension": [
            {
              "url": "http://hl7.org/fhir/StructureDefinition/questionnaire-maxOccurs",
              "valueInteger": 1
            },
            {
              "url": "http://hl7.org/fhir/StructureDefinition/questionnaire-fhirType",
              "valueString": "string"
            }
          ],
          "linkId": "EpisodeOfCare.id",
          "type": "group",
          "required": false,
          "repeats": true,
          "item": [
            {
              "extension": [
                {
                  "url": "http://hl7.org/fhir/StructureDefinition/questionnaire-itemControl",
                  "valueCodeableConcept": {
                    "coding": [
                      {
                        "system": "http://hl7.org/fhir/questionnaire-item-control",
                        "code": "flyover",
                        "display": "Fly-over"
                      }
                    ]
                  }
                }
              ],
              "text": "The logical id of the resource, as used in the URL for the resource. Once assigned, this value never changes. The only time that a resource does not have an id is when it is being submitted to the server using a create operation.",
              "type": "display"
            },
            {
              "linkId": "EpisodeOfCare.id.value",
              "text": "Logical id of this artifact",
              "type": "string",
              "required": false,
              "repeats": false
            }
          ]
        },
        {
          "extension": [
            {
              "url": "http://hl7.org/fhir/StructureDefinition/questionnaire-maxOccurs",
              "valueInteger": 1
            }
          ],
          "linkId": "EpisodeOfCare.meta",
          "text": "Metadata about the resource",
          "type": "group",
          "required": false,
          "repeats": true,
          "item": [
            {
              "extension": [
                {
                  "url": "http://hl7.org/fhir/StructureDefinition/questionnaire-itemControl",
                  "valueCodeableConcept": {
                    "coding": [
                      {
                        "system": "http://hl7.org/fhir/questionnaire-item-control",
                        "code": "flyover",
                        "display": "Fly-over"
                      }
                    ]
                  }
                }
              ],
              "text": "The metadata about the resource. This is content that is maintained by the infrastructure. Changes to the content may not always be associated with version changes to the resource.",
              "type": "display"
            }
          ]
        },
        {
          "extension": [
            {
              "url": "http://hl7.org/fhir/StructureDefinition/questionnaire-maxOccurs",
              "valueInteger": 1
            },
            {
              "url": "http://hl7.org/fhir/StructureDefinition/questionnaire-fhirType",
              "valueString": "uri"
            }
          ],
          "linkId": "EpisodeOfCare.implicitRules",
          "type": "group",
          "required": false,
          "repeats": true,
          "item": [
            {
              "extension": [
                {
                  "url": "http://hl7.org/fhir/StructureDefinition/questionnaire-itemControl",
                  "valueCodeableConcept": {
                    "coding": [
                      {
                        "system": "http://hl7.org/fhir/questionnaire-item-control",
                        "code": "flyover",
                        "display": "Fly-over"
                      }
                    ]
                  }
                }
              ],
              "text": "A reference to a set of rules that were followed when the resource was constructed, and which must be understood when processing the content. Asserting this rule set restricts the content to be only understood by a limited set of trading partners. This inherently limits the usefulness of the data in the long term. However, the existing health eco-system is highly fractured, and not yet ready to define, collect, and exchange data in a generally computable sense. Wherever possible, implementers and/or specification writers should avoid using this element as much as possible.",
              "type": "display"
            },
            {
              "linkId": "EpisodeOfCare.implicitRules.value",
              "text": "A set of rules under which this content was created",
              "type": "string",
              "required": false,
              "repeats": false
            }
          ]
        },
        {
          "extension": [
            {
              "url": "http://hl7.org/fhir/StructureDefinition/questionnaire-maxOccurs",
              "valueInteger": 1
            },
            {
              "url": "http://hl7.org/fhir/StructureDefinition/questionnaire-fhirType",
              "valueString": "code"
            }
          ],
          "linkId": "EpisodeOfCare.language",
          "type": "group",
          "required": false,
          "repeats": true,
          "item": [
            {
              "extension": [
                {
                  "url": "http://hl7.org/fhir/StructureDefinition/questionnaire-itemControl",
                  "valueCodeableConcept": {
                    "coding": [
                      {
                        "system": "http://hl7.org/fhir/questionnaire-item-control",
                        "code": "flyover",
                        "display": "Fly-over"
                      }
                    ]
                  }
                }
              ],
              "text": "The base language in which the resource is written. Language is provided to support indexing and accessibility (typically, services such as text to speech use the language tag). The html language tag in the narrative applies  to the narrative. The language tag on the resource may be used to specify the language of other presentations generated from the data in the resource  Not all the content has to be in the base language. The Resource.language should not be assumed to apply to the narrative automatically. If a language is specified, it should it also be specified on the div element in the html (see rules in HTML5 for information about the relationship between xml:lang and the html lang attribute).",
              "type": "display"
            },
            {
              "linkId": "EpisodeOfCare.language.value",
              "text": "language",
              "type": "choice",
              "required": false,
              "repeats": false
            }
          ]
        },
        {
          "extension": [
            {
              "url": "http://hl7.org/fhir/StructureDefinition/questionnaire-maxOccurs",
              "valueInteger": 1
            }
          ],
          "linkId": "EpisodeOfCare.text",
          "text": "Text summary of the resource, for human interpretation",
          "type": "group",
          "required": false,
          "repeats": true,
          "item": [
            {
              "extension": [
                {
                  "url": "http://hl7.org/fhir/StructureDefinition/questionnaire-itemControl",
                  "valueCodeableConcept": {
                    "coding": [
                      {
                        "system": "http://hl7.org/fhir/questionnaire-item-control",
                        "code": "flyover",
                        "display": "Fly-over"
                      }
                    ]
                  }
                }
              ],
              "text": "A human-readable narrative that contains a summary of the resource, and may be used to represent the content of the resource to a human. The narrative need not encode all the structured data, but is required to contain sufficient detail to make it \"clinically safe\" for a human to just read the narrative. Resource definitions may define what content should be represented in the narrative to ensure clinical safety. Contained resources do not have narrative. Resources that are not contained SHOULD have a narrative. In some cases, a resource may only have text with little or no additional discrete data (as long as all minOccurs=1 elements are satisfied).  This may be necessary for data from legacy systems where information is captured as a \"text blob\" or where text is additionally entered raw or narrated and encoded in formation is added later.",
              "type": "display"
            }
          ]
        },
        {
          "linkId": "EpisodeOfCare.contained",
          "text": "Contained, inline Resources",
          "type": "group",
          "required": false,
          "repeats": true,
          "item": [
            {
              "extension": [
                {
                  "url": "http://hl7.org/fhir/StructureDefinition/questionnaire-itemControl",
                  "valueCodeableConcept": {
                    "coding": [
                      {
                        "system": "http://hl7.org/fhir/questionnaire-item-control",
                        "code": "flyover",
                        "display": "Fly-over"
                      }
                    ]
                  }
                }
              ],
              "text": "These resources do not have an independent existence apart from the resource that contains them - they cannot be identified independently, and nor can they have their own independent transaction scope. This should never be done when the content can be identified properly, as once identification is lost, it is extremely difficult (and context dependent) to restore it again.",
              "type": "display"
            }
          ]
        },
        {
          "linkId": "EpisodeOfCare.extension",
          "text": "Additional Content defined by implementations",
          "type": "group",
          "required": false,
          "repeats": true,
          "item": [
            {
              "extension": [
                {
                  "url": "http://hl7.org/fhir/StructureDefinition/questionnaire-itemControl",
                  "valueCodeableConcept": {
                    "coding": [
                      {
                        "system": "http://hl7.org/fhir/questionnaire-item-control",
                        "code": "flyover",
                        "display": "Fly-over"
                      }
                    ]
                  }
                }
              ],
              "text": "May be used to represent additional information that is not part of the basic definition of the resource. In order to make the use of extensions safe and manageable, there is a strict set of governance  applied to the definition and use of extensions. Though any implementer is allowed to define an extension, there is a set of requirements that SHALL be met as part of the definition of the extension. There can be no stigma associated with the use of extensions by any application, project, or standard - regardless of the institution or jurisdiction that uses or defines the extensions.  The use of extensions is what allows the FHIR specification to retain a core level of simplicity for everyone.",
              "type": "display"
            }
          ]
        },
        {
          "linkId": "EpisodeOfCare.modifierExtension",
          "text": "Extensions that cannot be ignored",
          "type": "group",
          "required": false,
          "repeats": true,
          "item": [
            {
              "extension": [
                {
                  "url": "http://hl7.org/fhir/StructureDefinition/questionnaire-itemControl",
                  "valueCodeableConcept": {
                    "coding": [
                      {
                        "system": "http://hl7.org/fhir/questionnaire-item-control",
                        "code": "flyover",
                        "display": "Fly-over"
                      }
                    ]
                  }
                }
              ],
              "text": "May be used to represent additional information that is not part of the basic definition of the resource, and that modifies the understanding of the element that contains it. Usually modifier elements provide negation or qualification. In order to make the use of extensions safe and manageable, there is a strict set of governance applied to the definition and use of extensions. Though any implementer is allowed to define an extension, there is a set of requirements that SHALL be met as part of the definition of the extension. Applications processing a resource are required to check for modifier extensions. There can be no stigma associated with the use of extensions by any application, project, or standard - regardless of the institution or jurisdiction that uses or defines the extensions.  The use of extensions is what allows the FHIR specification to retain a core level of simplicity for everyone.",
              "type": "display"
            }
          ]
        },
        {
          "extension": [
            {
              "url": "http://hl7.org/fhir/StructureDefinition/questionnaire-fhirType",
              "valueString": "Identifier"
            }
          ],
          "linkId": "EpisodeOfCare.identifier",
          "text": "Identifier(s) for the EpisodeOfCare",
          "type": "group",
          "required": false,
          "repeats": true,
          "item": [
            {
              "extension": [
                {
                  "url": "http://hl7.org/fhir/StructureDefinition/questionnaire-itemControl",
                  "valueCodeableConcept": {
                    "coding": [
                      {
                        "system": "http://hl7.org/fhir/questionnaire-item-control",
                        "code": "flyover",
                        "display": "Fly-over"
                      }
                    ]
                  }
                }
              ],
              "text": "Identifier(s) by which this EpisodeOfCare is known.",
              "type": "display"
            },
            {
              "linkId": "EpisodeOfCare.identifier.label",
              "text": "label:",
              "type": "string",
              "required": false,
              "repeats": false
            },
            {
              "linkId": "EpisodeOfCare.identifier.system",
              "text": "system:",
              "type": "string",
              "required": false,
              "repeats": false
            },
            {
              "linkId": "EpisodeOfCare.identifier.value",
              "text": "value:",
              "type": "string",
              "required": false,
              "repeats": false
            }
          ]
        },
        {
          "extension": [
            {
              "url": "http://hl7.org/fhir/StructureDefinition/questionnaire-minOccurs",
              "valueInteger": 1
            },
            {
              "url": "http://hl7.org/fhir/StructureDefinition/questionnaire-maxOccurs",
              "valueInteger": 1
            },
            {
              "url": "http://hl7.org/fhir/StructureDefinition/questionnaire-fhirType",
              "valueString": "code"
            }
          ],
          "linkId": "EpisodeOfCare.status",
          "type": "group",
          "required": true,
          "repeats": true,
          "item": [
            {
              "extension": [
                {
                  "url": "http://hl7.org/fhir/StructureDefinition/questionnaire-itemControl",
                  "valueCodeableConcept": {
                    "coding": [
                      {
                        "system": "http://hl7.org/fhir/questionnaire-item-control",
                        "code": "flyover",
                        "display": "Fly-over"
                      }
                    ]
                  }
                }
              ],
              "text": "planned | waitlist | active | onhold | finished | cancelled.",
              "type": "display"
            },
            {
              "linkId": "EpisodeOfCare.status.value",
              "text": "status",
              "type": "choice",
              "required": false,
              "repeats": false
            }
          ]
        },
        {
          "linkId": "EpisodeOfCare.statusHistory",
          "text": "Past list of status codes",
          "type": "group",
          "required": false,
          "repeats": true,
          "item": [
            {
              "extension": [
                {
                  "url": "http://hl7.org/fhir/StructureDefinition/questionnaire-itemControl",
                  "valueCodeableConcept": {
                    "coding": [
                      {
                        "system": "http://hl7.org/fhir/questionnaire-item-control",
                        "code": "flyover",
                        "display": "Fly-over"
                      }
                    ]
                  }
                }
              ],
              "text": "The history of statuses that the EpisodeOfCare has been through (without requiring processing the history of the resource).",
              "type": "display"
            },
            {
              "extension": [
                {
                  "url": "http://hl7.org/fhir/StructureDefinition/questionnaire-maxOccurs",
                  "valueInteger": 1
                },
                {
                  "url": "http://hl7.org/fhir/StructureDefinition/questionnaire-fhirType",
                  "valueString": "string"
                }
              ],
              "linkId": "EpisodeOfCare.statusHistory.id",
              "type": "group",
              "required": false,
              "repeats": true,
              "item": [
                {
                  "extension": [
                    {
                      "url": "http://hl7.org/fhir/StructureDefinition/questionnaire-itemControl",
                      "valueCodeableConcept": {
                        "coding": [
                          {
                            "system": "http://hl7.org/fhir/questionnaire-item-control",
                            "code": "flyover",
                            "display": "Fly-over"
                          }
                        ]
                      }
                    }
                  ],
                  "text": "unique id for the element within a resource (for internal references). This may be any string value that does not contain spaces.",
                  "type": "display"
                },
                {
                  "linkId": "EpisodeOfCare.statusHistory.id.value",
                  "text": "xml:id (or equivalent in JSON)",
                  "type": "string",
                  "required": false,
                  "repeats": false
                }
              ]
            },
            {
              "linkId": "EpisodeOfCare.statusHistory.extension",
              "text": "Additional Content defined by implementations",
              "type": "group",
              "required": false,
              "repeats": true,
              "item": [
                {
                  "extension": [
                    {
                      "url": "http://hl7.org/fhir/StructureDefinition/questionnaire-itemControl",
                      "valueCodeableConcept": {
                        "coding": [
                          {
                            "system": "http://hl7.org/fhir/questionnaire-item-control",
                            "code": "flyover",
                            "display": "Fly-over"
                          }
                        ]
                      }
                    }
                  ],
                  "text": "May be used to represent additional information that is not part of the basic definition of the element. In order to make the use of extensions safe and manageable, there is a strict set of governance  applied to the definition and use of extensions. Though any implementer is allowed to define an extension, there is a set of requirements that SHALL be met as part of the definition of the extension. There can be no stigma associated with the use of extensions by any application, project, or standard - regardless of the institution or jurisdiction that uses or defines the extensions.  The use of extensions is what allows the FHIR specification to retain a core level of simplicity for everyone.",
                  "type": "display"
                }
              ]
            },
            {
              "linkId": "EpisodeOfCare.statusHistory.modifierExtension",
              "text": "Extensions that cannot be ignored",
              "type": "group",
              "required": false,
              "repeats": true,
              "item": [
                {
                  "extension": [
                    {
                      "url": "http://hl7.org/fhir/StructureDefinition/questionnaire-itemControl",
                      "valueCodeableConcept": {
                        "coding": [
                          {
                            "system": "http://hl7.org/fhir/questionnaire-item-control",
                            "code": "flyover",
                            "display": "Fly-over"
                          }
                        ]
                      }
                    }
                  ],
                  "text": "May be used to represent additional information that is not part of the basic definition of the element, and that modifies the understanding of the element that contains it. Usually modifier elements provide negation or qualification. In order to make the use of extensions safe and manageable, there is a strict set of governance applied to the definition and use of extensions. Though any implementer is allowed to define an extension, there is a set of requirements that SHALL be met as part of the definition of the extension. Applications processing a resource are required to check for modifier extensions. There can be no stigma associated with the use of extensions by any application, project, or standard - regardless of the institution or jurisdiction that uses or defines the extensions.  The use of extensions is what allows the FHIR specification to retain a core level of simplicity for everyone.",
                  "type": "display"
                }
              ]
            },
            {
              "extension": [
                {
                  "url": "http://hl7.org/fhir/StructureDefinition/questionnaire-minOccurs",
                  "valueInteger": 1
                },
                {
                  "url": "http://hl7.org/fhir/StructureDefinition/questionnaire-maxOccurs",
                  "valueInteger": 1
                },
                {
                  "url": "http://hl7.org/fhir/StructureDefinition/questionnaire-fhirType",
                  "valueString": "code"
                }
              ],
              "linkId": "EpisodeOfCare.statusHistory.status",
              "type": "group",
              "required": true,
              "repeats": true,
              "item": [
                {
                  "extension": [
                    {
                      "url": "http://hl7.org/fhir/StructureDefinition/questionnaire-itemControl",
                      "valueCodeableConcept": {
                        "coding": [
                          {
                            "system": "http://hl7.org/fhir/questionnaire-item-control",
                            "code": "flyover",
                            "display": "Fly-over"
                          }
                        ]
                      }
                    }
                  ],
                  "text": "planned | waitlist | active | onhold | finished | cancelled.",
                  "type": "display"
                },
                {
                  "linkId": "EpisodeOfCare.statusHistory.status.value",
                  "text": "status",
                  "type": "choice",
                  "required": false,
                  "repeats": false
                }
              ]
            },
            {
              "extension": [
                {
                  "url": "http://hl7.org/fhir/StructureDefinition/questionnaire-minOccurs",
                  "valueInteger": 1
                },
                {
                  "url": "http://hl7.org/fhir/StructureDefinition/questionnaire-maxOccurs",
                  "valueInteger": 1
                },
                {
                  "url": "http://hl7.org/fhir/StructureDefinition/questionnaire-fhirType",
                  "valueString": "Period"
                }
              ],
              "linkId": "EpisodeOfCare.statusHistory.period",
              "text": "Period for the status",
              "type": "group",
              "required": true,
              "repeats": true,
              "item": [
                {
                  "extension": [
                    {
                      "url": "http://hl7.org/fhir/StructureDefinition/questionnaire-itemControl",
                      "valueCodeableConcept": {
                        "coding": [
                          {
                            "system": "http://hl7.org/fhir/questionnaire-item-control",
                            "code": "flyover",
                            "display": "Fly-over"
                          }
                        ]
                      }
                    }
                  ],
                  "text": "The period during this EpisodeOfCare that the specific status applied.",
                  "type": "display"
                },
                {
                  "linkId": "EpisodeOfCare.statusHistory.period.low",
                  "text": "start:",
                  "type": "dateTime",
                  "required": false,
                  "repeats": false
                },
                {
                  "linkId": "EpisodeOfCare.statusHistory.period.end",
                  "text": "end:",
                  "type": "dateTime",
                  "required": false,
                  "repeats": false
                }
              ]
            }
          ]
        },
        {
          "extension": [
            {
              "url": "http://hl7.org/fhir/StructureDefinition/questionnaire-fhirType",
              "valueString": "CodeableConcept"
            }
          ],
          "linkId": "EpisodeOfCare.type",
          "text": "Type/class  - e.g. specialist referral, disease management",
          "type": "group",
          "required": false,
          "repeats": true,
          "item": [
            {
              "extension": [
                {
                  "url": "http://hl7.org/fhir/StructureDefinition/questionnaire-itemControl",
                  "valueCodeableConcept": {
                    "coding": [
                      {
                        "system": "http://hl7.org/fhir/questionnaire-item-control",
                        "code": "flyover",
                        "display": "Fly-over"
                      }
                    ]
                  }
                }
              ],
              "text": "A classification of the type of episode of care; e.g. specialist referral, disease management, type of funded care. The type can be very important in processing as this could be used in determining if the EpisodeOfCare is relevant to specific government reporting, or other types of classifications.",
              "type": "display"
            },
            {
              "linkId": "EpisodeOfCare.type.coding",
              "text": "code:",
              "type": "open-choice",
              "required": false,
              "repeats": false
            },
            {
              "linkId": "EpisodeOfCare.type.text",
              "text": "text:",
              "type": "string",
              "required": false,
              "repeats": false
            }
          ]
        },
        {
          "extension": [
            {
              "url": "http://hl7.org/fhir/StructureDefinition/questionnaire-fhirType",
              "valueString": "Reference"
            }
          ],
          "linkId": "EpisodeOfCare.condition",
          "type": "group",
          "required": false,
          "repeats": true,
          "item": [
            {
              "extension": [
                {
                  "url": "http://hl7.org/fhir/StructureDefinition/questionnaire-itemControl",
                  "valueCodeableConcept": {
                    "coding": [
                      {
                        "system": "http://hl7.org/fhir/questionnaire-item-control",
                        "code": "flyover",
                        "display": "Fly-over"
                      }
                    ]
                  }
                }
              ],
              "text": "A list of conditions/problems/diagnoses that this episode of care is intended to be providing care for.",
              "type": "display"
            },
            {
              "extension": [
                {
                  "url": "http://hl7.org/fhir/StructureDefinition/questionnaire-allowedResource",
                  "valueCode": "Condition"
                },
                {
                  "url": "http://hl7.org/fhir/StructureDefinition/questionnaire-referenceFilter",
                  "valueString": "subject=$subj&patient=$subj&encounter=$encounter"
                }
              ],
              "linkId": "EpisodeOfCare.condition.value",
              "text": "Conditions/problems/diagnoses this episode of care is for",
              "type": "reference",
              "required": false,
              "repeats": false
            }
          ]
        },
        {
          "extension": [
            {
              "url": "http://hl7.org/fhir/StructureDefinition/questionnaire-minOccurs",
              "valueInteger": 1
            },
            {
              "url": "http://hl7.org/fhir/StructureDefinition/questionnaire-maxOccurs",
              "valueInteger": 1
            },
            {
              "url": "http://hl7.org/fhir/StructureDefinition/questionnaire-fhirType",
              "valueString": "Reference"
            }
          ],
          "linkId": "EpisodeOfCare.patient",
          "type": "group",
          "required": true,
          "repeats": true,
          "item": [
            {
              "extension": [
                {
                  "url": "http://hl7.org/fhir/StructureDefinition/questionnaire-itemControl",
                  "valueCodeableConcept": {
                    "coding": [
                      {
                        "system": "http://hl7.org/fhir/questionnaire-item-control",
                        "code": "flyover",
                        "display": "Fly-over"
                      }
                    ]
                  }
                }
              ],
              "text": "The patient that this EpisodeOfCare applies to.",
              "type": "display"
            },
            {
              "extension": [
                {
                  "url": "http://hl7.org/fhir/StructureDefinition/questionnaire-allowedResource",
                  "valueCode": "Patient"
                },
                {
                  "url": "http://hl7.org/fhir/StructureDefinition/questionnaire-referenceFilter",
                  "valueString": "subject=$subj&patient=$subj&encounter=$encounter"
                }
              ],
              "linkId": "EpisodeOfCare.patient.value",
              "text": "Patient for this episode of care",
              "type": "reference",
              "required": false,
              "repeats": false
            }
          ]
        },
        {
          "extension": [
            {
              "url": "http://hl7.org/fhir/StructureDefinition/questionnaire-maxOccurs",
              "valueInteger": 1
            },
            {
              "url": "http://hl7.org/fhir/StructureDefinition/questionnaire-fhirType",
              "valueString": "Reference"
            }
          ],
          "linkId": "EpisodeOfCare.managingOrganization",
          "type": "group",
          "required": false,
          "repeats": true,
          "item": [
            {
              "extension": [
                {
                  "url": "http://hl7.org/fhir/StructureDefinition/questionnaire-itemControl",
                  "valueCodeableConcept": {
                    "coding": [
                      {
                        "system": "http://hl7.org/fhir/questionnaire-item-control",
                        "code": "flyover",
                        "display": "Fly-over"
                      }
                    ]
                  }
                }
              ],
              "text": "The organization that has assumed the specific responsibilities for the specified duration.",
              "type": "display"
            },
            {
              "extension": [
                {
                  "url": "http://hl7.org/fhir/StructureDefinition/questionnaire-allowedResource",
                  "valueCode": "Organization"
                },
                {
                  "url": "http://hl7.org/fhir/StructureDefinition/questionnaire-referenceFilter",
                  "valueString": "subject=$subj&patient=$subj&encounter=$encounter"
                }
              ],
              "linkId": "EpisodeOfCare.managingOrganization.value",
              "text": "Organization that assumes care",
              "type": "reference",
              "required": false,
              "repeats": false
            }
          ]
        },
        {
          "extension": [
            {
              "url": "http://hl7.org/fhir/StructureDefinition/questionnaire-maxOccurs",
              "valueInteger": 1
            },
            {
              "url": "http://hl7.org/fhir/StructureDefinition/questionnaire-fhirType",
              "valueString": "Period"
            }
          ],
          "linkId": "EpisodeOfCare.period",
          "text": "Interval during responsibility is assumed",
          "type": "group",
          "required": false,
          "repeats": true,
          "item": [
            {
              "extension": [
                {
                  "url": "http://hl7.org/fhir/StructureDefinition/questionnaire-itemControl",
                  "valueCodeableConcept": {
                    "coding": [
                      {
                        "system": "http://hl7.org/fhir/questionnaire-item-control",
                        "code": "flyover",
                        "display": "Fly-over"
                      }
                    ]
                  }
                }
              ],
              "text": "The interval during which the managing organization assumes the defined responsibility.",
              "type": "display"
            },
            {
              "linkId": "EpisodeOfCare.period.low",
              "text": "start:",
              "type": "dateTime",
              "required": false,
              "repeats": false
            },
            {
              "linkId": "EpisodeOfCare.period.end",
              "text": "end:",
              "type": "dateTime",
              "required": false,
              "repeats": false
            }
          ]
        },
        {
          "extension": [
            {
              "url": "http://hl7.org/fhir/StructureDefinition/questionnaire-fhirType",
              "valueString": "Reference"
            }
          ],
          "linkId": "EpisodeOfCare.referralRequest",
          "type": "group",
          "required": false,
          "repeats": true,
          "item": [
            {
              "extension": [
                {
                  "url": "http://hl7.org/fhir/StructureDefinition/questionnaire-itemControl",
                  "valueCodeableConcept": {
                    "coding": [
                      {
                        "system": "http://hl7.org/fhir/questionnaire-item-control",
                        "code": "flyover",
                        "display": "Fly-over"
                      }
                    ]
                  }
                }
              ],
              "text": "Referral Request(s) that are fulfilled by this EpisodeOfCare, incoming referrals.",
              "type": "display"
            },
            {
              "extension": [
                {
                  "url": "http://hl7.org/fhir/StructureDefinition/questionnaire-allowedResource",
                  "valueCode": "ReferralRequest"
                },
                {
                  "url": "http://hl7.org/fhir/StructureDefinition/questionnaire-referenceFilter",
                  "valueString": "subject=$subj&patient=$subj&encounter=$encounter"
                }
              ],
              "linkId": "EpisodeOfCare.referralRequest.value",
              "text": "Originating Referral Request(s)",
              "type": "reference",
              "required": false,
              "repeats": false
            }
          ]
        },
        {
          "extension": [
            {
              "url": "http://hl7.org/fhir/StructureDefinition/questionnaire-maxOccurs",
              "valueInteger": 1
            },
            {
              "url": "http://hl7.org/fhir/StructureDefinition/questionnaire-fhirType",
              "valueString": "Reference"
            }
          ],
          "linkId": "EpisodeOfCare.careManager",
          "type": "group",
          "required": false,
          "repeats": true,
          "item": [
            {
              "extension": [
                {
                  "url": "http://hl7.org/fhir/StructureDefinition/questionnaire-itemControl",
                  "valueCodeableConcept": {
                    "coding": [
                      {
                        "system": "http://hl7.org/fhir/questionnaire-item-control",
                        "code": "flyover",
                        "display": "Fly-over"
                      }
                    ]
                  }
                }
              ],
              "text": "The practitioner that is the care manager/care co-ordinator for this patient.",
              "type": "display"
            },
            {
              "extension": [
                {
                  "url": "http://hl7.org/fhir/StructureDefinition/questionnaire-allowedResource",
                  "valueCode": "Practitioner"
                },
                {
                  "url": "http://hl7.org/fhir/StructureDefinition/questionnaire-referenceFilter",
                  "valueString": "subject=$subj&patient=$subj&encounter=$encounter"
                }
              ],
              "linkId": "EpisodeOfCare.careManager.value",
              "text": "Care manager/care co-ordinator for the patient",
              "type": "reference",
              "required": false,
              "repeats": false
            }
          ]
        },
        {
          "extension": [
            {
              "url": "http://hl7.org/fhir/StructureDefinition/questionnaire-fhirType",
              "valueString": "Reference"
            }
          ],
          "linkId": "EpisodeOfCare.team",
          "type": "group",
          "required": false,
          "repeats": true,
          "item": [
            {
              "extension": [
                {
                  "url": "http://hl7.org/fhir/StructureDefinition/questionnaire-itemControl",
                  "valueCodeableConcept": {
                    "coding": [
                      {
                        "system": "http://hl7.org/fhir/questionnaire-item-control",
                        "code": "flyover",
                        "display": "Fly-over"
                      }
                    ]
                  }
                }
              ],
              "text": "The list of practitioners that may be facilitating this episode of care for specific purposes.",
              "type": "display"
            },
            {
              "extension": [
                {
                  "url": "http://hl7.org/fhir/StructureDefinition/questionnaire-allowedResource",
                  "valueCode": "CareTeam"
                },
                {
                  "url": "http://hl7.org/fhir/StructureDefinition/questionnaire-referenceFilter",
                  "valueString": "subject=$subj&patient=$subj&encounter=$encounter"
                }
              ],
              "linkId": "EpisodeOfCare.team.value",
              "text": "Other practitioners facilitating this episode of care",
              "type": "reference",
              "required": false,
              "repeats": false
            }
          ]
        },
        {
          "extension": [
            {
              "url": "http://hl7.org/fhir/StructureDefinition/questionnaire-fhirType",
              "valueString": "Reference"
            }
          ],
          "linkId": "EpisodeOfCare.account",
          "type": "group",
          "required": false,
          "repeats": true,
          "item": [
            {
              "extension": [
                {
                  "url": "http://hl7.org/fhir/StructureDefinition/questionnaire-itemControl",
                  "valueCodeableConcept": {
                    "coding": [
                      {
                        "system": "http://hl7.org/fhir/questionnaire-item-control",
                        "code": "flyover",
                        "display": "Fly-over"
                      }
                    ]
                  }
                }
              ],
              "text": "The set of accounts that may be used for billing for this EpisodeOfCare. The billing system may choose to allocate billable items associated with the EpisodeOfCare to different referenced Accounts based on internal business rules.",
              "type": "display"
            },
            {
              "extension": [
                {
                  "url": "http://hl7.org/fhir/StructureDefinition/questionnaire-allowedResource",
                  "valueCode": "Account"
                },
                {
                  "url": "http://hl7.org/fhir/StructureDefinition/questionnaire-referenceFilter",
                  "valueString": "subject=$subj&patient=$subj&encounter=$encounter"
                }
              ],
              "linkId": "EpisodeOfCare.account.value",
              "text": "The set of accounts that may be used for billing for this EpisodeOfCare",
              "type": "reference",
              "required": false,
              "repeats": false
            }
          ]
        }
      ]
    }
  ]
}