{
  "resourceType": "MedicationRequest",
  "id": "medrx0305",
  "text": {
    "status": "generated",
    "div": "<div xmlns=\"http://www.w3.org/1999/xhtml\"><p><b>Generated Narrative with Details</b></p><p><b>id</b>: medrx0305</p><p><b>contained</b>: </p><p><b>identifier</b>: 12345689 (OFFICIAL)</p><p><b>status</b>: completed</p><p><b>stage</b>: original-order <span>(Details : {[not stated] code 'original-order' = 'original-order)</span></p><p><b>medication</b>: id: med0314; Alprazolam 0.25mg Oral Tablet <span>(Details : {RxNorm code '308047' = '308047', given as 'Alprazolam 0.25mg Oral Tablet'})</span></p><p><b>patient</b>: <a>Donald Duck</a></p><p><b>encounter</b>: <a>encounter who leads to this prescription</a></p><p><b>dateWritten</b>: Jan 15, 2015</p><p><b>prescriber</b>: <a>Patrick Pump</a></p><p><b>dosageInstruction</b>: </p><h3>DispenseRequests</h3><table><tr><td>-</td><td><b>ValidityPeriod</b></td><td><b>NumberOfRepeatsAllowed</b></td><td><b>Quantity</b></td><td><b>ExpectedSupplyDuration</b></td></tr><tr><td>*</td><td>Jan 15, 2015 --&gt; Jan 15, 2016</td><td>1</td><td>30 TAB<span> (Details: http://hl7.org/fhir/ValueSet/v3-orderableDrugForm code TAB = 'TAB')</span></td><td>10 days<span> (Details: UCUM code d = 'd')</span></td></tr></table><h3>Substitutions</h3><table><tr><td>-</td><td><b>Allowed</b></td><td><b>Reason</b></td></tr><tr><td>*</td><td>true</td><td>formulary policy <span>(Details : {http://hl7.org/fhir code 'FP' = 'FP', given as 'formulary policy'})</span></td></tr></table></div>"
  },
  "contained": [
    {
      "resourceType": "Medication",
      "id": "med0314",
      "code": {
        "coding": [
          {
            "system": "http://www.nlm.nih.gov/research/umls/rxnorm",
            "code": "308047",
            "display": "Alprazolam 0.25mg Oral Tablet"
          }
        ]
      }
    }
  ],
  "identifier": [
    {
      "use": "official",
      "system": "http://www.bmc.nl/portal/prescriptions",
      "value": "12345689"
    }
  ],
  "status": "completed",
  "stage": {
    "coding": [
      {
        "code": "original-order"
      }
    ]
  },
  "medicationReference": {
    "reference": "#med0314"
  },
  "patient": {
    "reference": "Patient/pat1",
    "display": "Donald Duck"
  },
  "encounter": {
    "reference": "Encounter/f001",
    "display": "encounter who leads to this prescription"
  },
  "dateWritten": "2015-01-15",
  "prescriber": {
    "reference": "Practitioner/f007",
    "display": "Patrick Pump"
  },
  "dosageInstruction": [
    {
      "sequence": 1,
      "text": "0.25mg PO every 6-12 hours as needed for menses from Jan 15-20, 2015.  Do not exceed more than 4mg per day",
      "additionalInstructions": [
        {
          "coding": [
            {
              "system": "http://snomed.info/sct",
              "code": "418914006",
              "display": "Warning. May cause drowsiness. If affected do not drive or operate machinery. Avoid alcoholic drink (qualifier value)"
            }
          ]
        }
      ],
      "timing": {
        "repeat": {
          "boundsPeriod": {
            "start": "2015-01-15",
            "end": "2015-01-20"
          },
          "frequency": 1,
          "period": 6,
          "periodMax": 12,
          "periodUnit": "h"
        }
      },
      "asNeededCodeableConcept": {
        "coding": [
          {
            "system": "http://snomed.info/sct",
            "code": "266599000",
            "display": "Dysmenorrhea (disorder)"
          }
        ]
      },
      "route": {
        "coding": [
          {
            "system": "http://snomed.info/sct",
            "code": "26643006",
            "display": "Oral Route"
          }
        ]
      },
      "doseQuantity": {
        "value": 1,
        "unit": "TAB",
        "system": "http://hl7.org/fhir/ValueSet/v3-orderableDrugForm",
        "code": "TAB"
      },
      "maxDosePerAdministration": {
        "value": 4,
        "unit": "mg",
        "system": "http://unitsofmeasure.org",
        "code": "mg"
      }
    }
  ],
  "dispenseRequest": {
    "validityPeriod": {
      "start": "2015-01-15",
      "end": "2016-01-15"
    },
    "numberOfRepeatsAllowed": 1,
    "quantity": {
      "value": 30,
      "unit": "TAB",
      "system": "http://hl7.org/fhir/ValueSet/v3-orderableDrugForm",
      "code": "TAB"
    },
    "expectedSupplyDuration": {
      "value": 10,
      "unit": "days",
      "system": "http://unitsofmeasure.org",
      "code": "d"
    }
  },
  "substitution": {
    "allowed": true,
    "reason": {
      "coding": [
        {
          "system": "http://hl7.org/fhir",
          "code": "FP",
          "display": "formulary policy"
        }
      ]
    }
  }
}