{
  "resourceType": "MedicationStatement",
  "id": "example006",
  "text": {
    "status": "generated",
    "div": "<div xmlns=\"http://www.w3.org/1999/xhtml\"><p><b>Generated Narrative with Details</b></p><p><b>id</b>: example006</p><p><b>status</b>: active</p><p><b>medication</b>: Amoxicillin (product) <span>(Details : {SNOMED CT code '27658006' = 'Amoxicillin (product)', given as 'Amoxicillin (product)'})</span></p><p><b>patient</b>: <a>Donald Duck</a></p><p><b>effective</b>: Feb 1, 2014</p><p><b>informationSource</b>: <a>Peter Chalmers</a></p><p><b>dateAsserted</b>: Feb 22, 2014</p><p><b>notTaken</b>: N</p><p><b>note</b>: Father indicates they miss the occasional dose</p><p><b>dosage</b>: </p></div>"
  },
  "status": "active",
  "medicationCodeableConcept": {
    "coding": [
      {
        "system": "http://snomed.info/sct",
        "code": "27658006",
        "display": "Amoxicillin (product)"
      }
    ]
  },
  "patient": {
    "reference": "Patient/pat1",
    "display": "Donald Duck"
  },
  "effectiveDateTime": "2014-02-01",
  "informationSource": {
    "reference": "RelatedPerson/peter",
    "display": "Peter Chalmers"
  },
  "dateAsserted": "2014-02-22",
  "notTaken": "N",
  "note": [
    {
      "text": "Father indicates they miss the occasional dose"
    }
  ],
  "dosage": [
    {
      "sequence": 1,
      "text": "5ml three times daily",
      "asNeededBoolean": false,
      "route": {
        "coding": [
          {
            "system": "http://snomed.info/sct",
            "code": "260548002",
            "display": "Oral"
          }
        ]
      },
      "doseQuantity": {
        "value": 5,
        "unit": "mL",
        "system": "http://unitsofmeasure.org",
        "code": "mL"
      },
      "maxDosePerPeriod": {
        "numerator": {
          "value": 3
        },
        "denominator": {
          "value": 1,
          "system": "http://unitsofmeasure.org",
          "code": "d"
        }
      }
    }
  ]
}