{
  "resourceType": "MedicationRequest",
  "id": "medrx0330",
  "text": {
    "status": "generated",
    "div": "<div xmlns=\"http://www.w3.org/1999/xhtml\"><p><b>Generated Narrative with Details</b></p><p><b>id</b>: medrx0330</p><p><b>contained</b>: </p><p><b>identifier</b>: 12345689 (OFFICIAL)</p><p><b>status</b>: active</p><p><b>stage</b>: original-order <span>(Details : {[not stated] code 'original-order' = 'original-order)</span></p><p><b>medication</b>: id: med0305; Timoptic 5mg/ml solution <span>(Details : {http://hl7.org/fhir/sid/ndc code '2501-813-16' = '2501-813-16', given as 'Timoptic 5mg/ml solution'})</span></p><p><b>patient</b>: <a>Donald Duck</a></p><p><b>encounter</b>: <a>encounter who leads to this prescription</a></p><p><b>dateWritten</b>: Jan 15, 2015</p><p><b>prescriber</b>: <a>Patrick Pump</a></p><p><b>dosageInstruction</b>: </p><h3>DispenseRequests</h3><table><tr><td>-</td><td><b>ValidityPeriod</b></td><td><b>NumberOfRepeatsAllowed</b></td><td><b>Quantity</b></td><td><b>ExpectedSupplyDuration</b></td></tr><tr><td>*</td><td>Jan 15, 2015 --&gt; Jan 15, 2016</td><td>1</td><td>10 mL<span> (Details: UCUM code mL = 'mL')</span></td><td>30 days<span> (Details: UCUM code d = 'd')</span></td></tr></table><h3>Substitutions</h3><table><tr><td>-</td><td><b>Allowed</b></td><td><b>Reason</b></td></tr><tr><td>*</td><td>false</td><td>formulary policy <span>(Details : {http://hl7.org/fhir code 'FP' = 'FP', given as 'formulary policy'})</span></td></tr></table></div>"
  },
  "contained": [
    {
      "resourceType": "Medication",
      "id": "med0305",
      "code": {
        "coding": [
          {
            "system": "http://hl7.org/fhir/sid/ndc",
            "code": "2501-813-16",
            "display": "Timoptic 5mg/ml solution"
          }
        ]
      }
    }
  ],
  "identifier": [
    {
      "use": "official",
      "system": "http://www.bmc.nl/portal/prescriptions",
      "value": "12345689"
    }
  ],
  "status": "active",
  "stage": {
    "coding": [
      {
        "code": "original-order"
      }
    ]
  },
  "medicationReference": {
    "reference": "#med0305"
  },
  "patient": {
    "reference": "Patient/pat1",
    "display": "Donald Duck"
  },
  "encounter": {
    "reference": "Encounter/f002",
    "display": "encounter who leads to this prescription"
  },
  "dateWritten": "2015-01-15",
  "prescriber": {
    "reference": "Practitioner/f007",
    "display": "Patrick Pump"
  },
  "dosageInstruction": [
    {
      "sequence": 1,
      "text": "Instil one drop in each eye twice daily",
      "timing": {
        "repeat": {
          "frequency": 2,
          "period": 1,
          "periodUnit": "d"
        }
      },
      "route": {
        "coding": [
          {
            "system": "http://snomed.info/sct",
            "code": "54485002",
            "display": "Ophthalmic route (qualifier value)"
          }
        ]
      },
      "method": {
        "coding": [
          {
            "system": "http://snomed.info/sct",
            "code": "421538008",
            "display": "Instill - dosing instruction imperative (qualifier value)"
          }
        ]
      },
      "doseQuantity": {
        "value": 1,
        "unit": "OPDROP",
        "system": "http://hl7.org/fhir/ValueSet/v3-orderableDrugForm",
        "code": "OPDROP"
      }
    }
  ],
  "dispenseRequest": {
    "validityPeriod": {
      "start": "2015-01-15",
      "end": "2016-01-15"
    },
    "numberOfRepeatsAllowed": 1,
    "quantity": {
      "value": 10,
      "unit": "mL",
      "system": "http://unitsofmeasure.org",
      "code": "mL"
    },
    "expectedSupplyDuration": {
      "value": 30,
      "unit": "days",
      "system": "http://unitsofmeasure.org",
      "code": "d"
    }
  },
  "substitution": {
    "allowed": false,
    "reason": {
      "coding": [
        {
          "system": "http://hl7.org/fhir",
          "code": "FP",
          "display": "formulary policy"
        }
      ]
    }
  }
}