{
  "resourceType": "OperationDefinition",
  "id": "PlanDefinition-apply",
  "text": {
    "status": "generated",
    "div": "<div xmlns=\"http://www.w3.org/1999/xhtml\"><h2>Place</h2><p>OPERATION: Place</p><div><p>The apply operation applies a PlanDefinition to a given context</p>\n</div><p>URL: [base]/PlanDefinition/[id]/$apply</p><p>Parameters</p><table class=\"grid\"><tr><td><b>Use</b></td><td><b>Name</b></td><td><b>Cardinality</b></td><td><b>Type</b></td><td><b>Binding</b></td><td><b>Documentation</b></td></tr><tr><td>IN</td><td>patient</td><td>1..1</td><td>Reference</td><td/><td><div><p>The patient that is the target of the plan to be applied</p>\n</div></td></tr><tr><td>IN</td><td>encounter</td><td>0..1</td><td>Reference</td><td/><td><div><p>The encounter in context, if any</p>\n</div></td></tr><tr><td>IN</td><td>practitioner</td><td>0..1</td><td>Reference</td><td/><td><div><p>The practitioner applying the plan definition</p>\n</div></td></tr><tr><td>IN</td><td>organization</td><td>0..1</td><td>Reference</td><td/><td><div><p>The organization applying the plan definition</p>\n</div></td></tr><tr><td>IN</td><td>userType</td><td>0..1</td><td>CodeableConcept</td><td/><td><div><p>The type of user initiating the request, e.g. patient, healthcare provider, or specific type of healthcare provider (physician, nurse, etc.)</p>\n</div></td></tr><tr><td>IN</td><td>userLanguage</td><td>0..1</td><td>CodeableConcept</td><td/><td><div><p>Preferred language of the person using the system</p>\n</div></td></tr><tr><td>IN</td><td>userTaskContext</td><td>0..1</td><td>CodeableConcept</td><td/><td><div><p>The task the system user is performing, e.g. laboratory results review, medication list review, etc. This information can be used to tailor decision support outputs, such as recommended information resources</p>\n</div></td></tr><tr><td>IN</td><td>setting</td><td>0..1</td><td>CodeableConcept</td><td/><td><div><p>The current setting of the request (inpatient, outpatient, etc)</p>\n</div></td></tr><tr><td>IN</td><td>settingContext</td><td>0..1</td><td>CodeableConcept</td><td/><td><div><p>Additional detail about the setting of the request, if any</p>\n</div></td></tr><tr><td>OUT</td><td>return</td><td>1..1</td><td>CarePlan</td><td/><td><div><p>The CarePlan that is the result of applying the plan definition</p>\n</div></td></tr></table></div>"
  },
  "url": "http://hl7.org/fhir/OperationDefinition/PlanDefinition-apply",
  "name": "Place",
  "status": "draft",
  "kind": "operation",
  "date": "2016-10-27T16:23:35+00:00",
  "publisher": "HL7 (FHIR Project)",
  "contact": [
    {
      "telecom": [
        {
          "system": "other",
          "value": "http://hl7.org/fhir"
        },
        {
          "system": "email",
          "value": "fhir@lists.hl7.org"
        }
      ]
    }
  ],
  "description": "The apply operation applies a PlanDefinition to a given context",
  "code": "apply",
  "resource": [
    "PlanDefinition"
  ],
  "system": false,
  "type": false,
  "instance": true,
  "parameter": [
    {
      "name": "patient",
      "use": "in",
      "min": 1,
      "max": "1",
      "documentation": "The patient that is the target of the plan to be applied",
      "type": "Reference",
      "profile": {
        "reference": "http://hl7.org/fhir/StructureDefinition/Patient"
      }
    },
    {
      "name": "encounter",
      "use": "in",
      "min": 0,
      "max": "1",
      "documentation": "The encounter in context, if any",
      "type": "Reference",
      "profile": {
        "reference": "http://hl7.org/fhir/StructureDefinition/Encounter"
      }
    },
    {
      "name": "practitioner",
      "use": "in",
      "min": 0,
      "max": "1",
      "documentation": "The practitioner applying the plan definition",
      "type": "Reference",
      "profile": {
        "reference": "http://hl7.org/fhir/StructureDefinition/Practitioner"
      }
    },
    {
      "name": "organization",
      "use": "in",
      "min": 0,
      "max": "1",
      "documentation": "The organization applying the plan definition",
      "type": "Reference",
      "profile": {
        "reference": "http://hl7.org/fhir/StructureDefinition/Organization"
      }
    },
    {
      "name": "userType",
      "use": "in",
      "min": 0,
      "max": "1",
      "documentation": "The type of user initiating the request, e.g. patient, healthcare provider, or specific type of healthcare provider (physician, nurse, etc.)",
      "type": "CodeableConcept"
    },
    {
      "name": "userLanguage",
      "use": "in",
      "min": 0,
      "max": "1",
      "documentation": "Preferred language of the person using the system",
      "type": "CodeableConcept"
    },
    {
      "name": "userTaskContext",
      "use": "in",
      "min": 0,
      "max": "1",
      "documentation": "The task the system user is performing, e.g. laboratory results review, medication list review, etc. This information can be used to tailor decision support outputs, such as recommended information resources",
      "type": "CodeableConcept"
    },
    {
      "name": "setting",
      "use": "in",
      "min": 0,
      "max": "1",
      "documentation": "The current setting of the request (inpatient, outpatient, etc)",
      "type": "CodeableConcept"
    },
    {
      "name": "settingContext",
      "use": "in",
      "min": 0,
      "max": "1",
      "documentation": "Additional detail about the setting of the request, if any",
      "type": "CodeableConcept"
    },
    {
      "name": "return",
      "use": "out",
      "min": 1,
      "max": "1",
      "documentation": "The CarePlan that is the result of applying the plan definition",
      "type": "CarePlan"
    }
  ]
}