{
  "resourceType": "OperationDefinition",
  "id": "Observation-stats",
  "text": {
    "status": "generated",
    "div": "<div xmlns=\"http://www.w3.org/1999/xhtml\"><h2>Observation Statistics</h2><p>OPERATION: Observation Statistics</p><div><p>The Statistics operation performs a set of statistical calculations on a set of clinical measurements such as a blood pressure.  This operation is limited to <a href=\"observation.html\">Observation</a> resources with valueQuantity elements.</p>\n<p>The set of Observations is defined by a the input parameters <code>patient</code>,<code>code</code> and <code>duration</code> and <code>params</code>. The set of statistical calculation depends upon the value of the <code>params</code> parameter:</p>\n<ul>\n<li><strong>average</strong> - for example if code = 55284-4 the mean of 55284-4 over the stated period from an operation</li>\n<li><strong>max</strong> - for example if code = 55284-4 the max of 55284-4 over the stated period from an operation</li>\n<li><strong>min</strong> - for example if code = 55284-4 the min of 55284-4 over the stated period from an operation</li>\n<li><strong>count</strong> - for example if code = 55284-4 the number of occurances of value x of 55284-4 over the stated period from an operation</li>\n</ul>\n<p>If successful, the operation returns an Observation resource with the results of the statistical calculations as component value pairs where the component code = the params code. The Observation also contains the the input parameters <code>patient</code>,<code>code</code> and <code>duration</code> parameters. If unsuccessful, an <a href=\"operationoutcome.html\">OperationOutcome</a> with an error message will be returned.</p>\n</div><p>URL: [base]/Observation/$stats</p><p>URL: [base]/Observation/[id]/$stats</p><p>Parameters</p><table class=\"grid\"><tr><td><b>Use</b></td><td><b>Name</b></td><td><b>Cardinality</b></td><td><b>Type</b></td><td><b>Binding</b></td><td><b>Documentation</b></td></tr><tr><td>IN</td><td>patient</td><td>1..1</td><td>id</td><td/><td><div><p>The FHIR Patient resource id of the relevant Observations. For example  The patient id  = &quot;123&quot;  in Observation.subject.reference = Patient/123.</p>\n</div></td></tr><tr><td>IN</td><td>code</td><td>1..1</td><td>string</td><td/><td><div><p>The test code upon which the statistics are being performed.   For example, the code  = &quot;45667-2&quot;  will evaluate all relevant Observations with this code in Observation.code.</p>\n</div></td></tr><tr><td>IN</td><td>duration</td><td>1..1</td><td>decimal</td><td/><td><div><p>The time period of interest given as hours.  For example, the duration = &quot;1&quot; is the last hour</p>\n</div></td></tr><tr><td>IN</td><td>params</td><td>1..4</td><td>code</td><td/><td><div><p>average|max|min|count  The statistical operations to be performed on the relevant operations.   These codes are defined <a href=\"todo.html\">here</a></p>\n</div></td></tr><tr><td>OUT</td><td>obs</td><td>1..2</td><td>Observation</td><td/><td><div><p>The Observation.component.code is relative to the Observation.code and cannot be interpreted independently.  The code input parameter is returned as the code element. The 'patient' parameter is returned as the patient element.  The <code>period</code> input parameter is returned as the appliesPeriod element.  The status is fixed to <code>final</code>.</p>\n</div></td></tr></table></div>"
  },
  "url": "http://hl7.org/fhir/OperationDefinition/Observation-stats",
  "name": "Observation Statistics",
  "status": "draft",
  "kind": "operation",
  "date": "2016-10-27T16:23:35+00:00",
  "publisher": "HL7 (FHIR Project)",
  "contact": [
    {
      "telecom": [
        {
          "system": "other",
          "value": "http://hl7.org/fhir"
        },
        {
          "system": "email",
          "value": "fhir@lists.hl7.org"
        }
      ]
    }
  ],
  "description": "The Statistics operation performs a set of statistical calculations on a set of clinical measurements such as a blood pressure.  This operation is limited to [Observation](observation.html) resources with valueQuantity elements.\r\rThe set of Observations is defined by a the input parameters `patient`,`code` and `duration` and `params`. The set of statistical calculation depends upon the value of the `params` parameter:\r\r- **average** - for example if code = 55284-4 the mean of 55284-4 over the stated period from an operation\r- **max** - for example if code = 55284-4 the max of 55284-4 over the stated period from an operation\r- **min** - for example if code = 55284-4 the min of 55284-4 over the stated period from an operation\r- **count** - for example if code = 55284-4 the number of occurances of value x of 55284-4 over the stated period from an operation\r\rIf successful, the operation returns an Observation resource with the results of the statistical calculations as component value pairs where the component code = the params code. The Observation also contains the the input parameters `patient`,`code` and `duration` parameters. If unsuccessful, an [OperationOutcome](operationoutcome.html) with an error message will be returned.",
  "code": "stats",
  "resource": [
    "Observation"
  ],
  "system": false,
  "type": true,
  "instance": true,
  "parameter": [
    {
      "name": "patient",
      "use": "in",
      "min": 1,
      "max": "1",
      "documentation": "The FHIR Patient resource id of the relevant Observations. For example  The patient id  = \"123\"  in Observation.subject.reference = Patient/123.",
      "type": "id"
    },
    {
      "name": "code",
      "use": "in",
      "min": 1,
      "max": "1",
      "documentation": "The test code upon which the statistics are being performed.   For example, the code  = \"45667-2\"  will evaluate all relevant Observations with this code in Observation.code.",
      "type": "string"
    },
    {
      "name": "duration",
      "use": "in",
      "min": 1,
      "max": "1",
      "documentation": "The time period of interest given as hours.  For example, the duration = \"1\" is the last hour",
      "type": "decimal"
    },
    {
      "name": "params",
      "use": "in",
      "min": 1,
      "max": "4",
      "documentation": "average|max|min|count  The statistical operations to be performed on the relevant operations.   These codes are defined [here](todo.html)",
      "type": "code"
    },
    {
      "name": "obs",
      "use": "out",
      "min": 1,
      "max": "2",
      "documentation": "The Observation.component.code is relative to the Observation.code and cannot be interpreted independently.  The code input parameter is returned as the code element. The 'patient' parameter is returned as the patient element.  The `period` input parameter is returned as the appliesPeriod element.  The status is fixed to `final`.",
      "type": "Observation"
    }
  ]
}