{
  "resourceType": "OperationDefinition",
  "id": "CapabilityStatement-conforms",
  "text": {
    "status": "generated",
    "div": "<div xmlns=\"http://www.w3.org/1999/xhtml\"><h2>Test if a server implements a client's required operations</h2><p>OPERATION: Test if a server implements a client's required operations</p><div><p>This operation asks the server to check that it implements all the resources, interactions, search parameters, and operations that the client provides in it's capability statement. The client provides both capability statements by reference, and must ensure that all the referenced resources are available to the conformance server</p>\n</div><p>URL: [base]/CapabilityStatement/$conforms</p><p>Parameters</p><table class=\"grid\"><tr><td><b>Use</b></td><td><b>Name</b></td><td><b>Cardinality</b></td><td><b>Type</b></td><td><b>Binding</b></td><td><b>Documentation</b></td></tr><tr><td>IN</td><td>left</td><td>0..1</td><td>uri</td><td/><td><div><p>The canonical URL for the server capability statement - use this if the subset is not invoked on an instance (or on the /metadata end-point)</p>\n</div></td></tr><tr><td>IN</td><td>right</td><td>0..1</td><td>uri</td><td/><td><div><p>The canonical URL for the client capability statement - use this if the subset is not invoked on an instance (or on the /metadata end-point)</p>\n</div></td></tr><tr><td>IN</td><td>mode</td><td>0..1</td><td>code</td><td/><td><div><p>What kind of comparison to preform - server cf server, or client to server (use the codes 'server/server' or 'client/server')</p>\n</div></td></tr></table><div><p>The operation performs a full comparison of the functionality described by the two capability statements, including the profiles and value sets they reference, and also including concept maps and structure maps.</p>\n<p>The full execution of this operation is still a matter of research, but it is intended to support comparison of systems to see if they will interoperate</p>\n<p>If the capability statements can be successfully compared, then the return value is a 200 OK with an OperationOutcome along with intersection and union capability statements. The operation outcome can contain errors relating to differences between the capability statements. If the capability statements cannot be compared, because dependencies cannot be located, the return value is a 4xx error, with an OperationOutcome with at least one issue with severity &gt;= error</p>\n</div></div>"
  },
  "url": "http://hl7.org/fhir/OperationDefinition/CapabilityStatement-conforms",
  "name": "Test if a server implements a client's required operations",
  "status": "draft",
  "kind": "operation",
  "date": "2016-10-27T16:23:35+00:00",
  "publisher": "HL7 (FHIR Project)",
  "contact": [
    {
      "telecom": [
        {
          "system": "other",
          "value": "http://hl7.org/fhir"
        },
        {
          "system": "email",
          "value": "fhir@lists.hl7.org"
        }
      ]
    }
  ],
  "description": "This operation asks the server to check that it implements all the resources, interactions, search parameters, and operations that the client provides in it's capability statement. The client provides both capability statements by reference, and must ensure that all the referenced resources are available to the conformance server",
  "code": "conforms",
  "comment": "The operation performs a full comparison of the functionality described by the two capability statements, including the profiles and value sets they reference, and also including concept maps and structure maps. \n\nThe full execution of this operation is still a matter of research, but it is intended to support comparison of systems to see if they will interoperate\n\nIf the capability statements can be successfully compared, then the return value is a 200 OK with an OperationOutcome along with intersection and union capability statements. The operation outcome can contain errors relating to differences between the capability statements. If the capability statements cannot be compared, because dependencies cannot be located, the return value is a 4xx error, with an OperationOutcome with at least one issue with severity >= error",
  "resource": [
    "CapabilityStatement"
  ],
  "system": false,
  "type": true,
  "instance": false,
  "parameter": [
    {
      "name": "left",
      "use": "in",
      "min": 0,
      "max": "1",
      "documentation": "The canonical URL for the server capability statement - use this if the subset is not invoked on an instance (or on the /metadata end-point)",
      "type": "uri"
    },
    {
      "name": "right",
      "use": "in",
      "min": 0,
      "max": "1",
      "documentation": "The canonical URL for the client capability statement - use this if the subset is not invoked on an instance (or on the /metadata end-point)",
      "type": "uri"
    },
    {
      "name": "mode",
      "use": "in",
      "min": 0,
      "max": "1",
      "documentation": "What kind of comparison to preform - server cf server, or client to server (use the codes 'server/server' or 'client/server')",
      "type": "code"
    }
  ]
}