{
  "resourceType": "ValueSet",
  "id": "ldlcholesterol-codes",
  "meta": {
    "lastUpdated": "2016-10-28T02:23:35.748+10:00",
    "profile": [
      "http://hl7.org/fhir/StructureDefinition/valueset-shareable-definition"
    ]
  },
  "text": {
    "status": "generated",
    "div": "<div xmlns=\"http://www.w3.org/1999/xhtml\">\n      <p>This value set contains 2 concepts</p>\n      <h2>LDLCodes</h2>\n      <p>LDL Cholesterol codes - measured or calculated</p>\n      <p>\n        <b>Copyright Statement:</b> This content from LOINC© is copyright © 1995 Regenstrief Institute, Inc. and the LOINC Committee, and available at no cost under the license at http://loinc.org/terms-of-use.\n      </p>\n      <p>This value set includes codes defined in other code systems, using the following rules:</p>\n      <ul>\n        <li>Include these codes as defined in http://loinc.org\n          <table>\n            <tr>\n              <td>\n                <b>Code</b>\n              </td>\n              <td>\n                <b>Display</b>\n              </td>\n            </tr>\n            <tr>\n              <td>18262-6</td>\n              <td>LDL Cholesterol (Calc)</td>\n            </tr>\n            <tr>\n              <td>13457-7</td>\n              <td>LDL Cholesterol (Assay)</td>\n            </tr>\n          </table>\n        </li>\n      </ul>\n    </div>"
  },
  "url": "http://hl7.org/fhir/ValueSet/ldlcholesterol-codes",
  "identifier": [
    {
      "system": "urn:ietf:rfc:3986",
      "value": "urn:oid:2.16.840.1.113883.4.642.2.444"
    }
  ],
  "version": "1.0.0",
  "name": "LDLCodes",
  "status": "draft",
  "experimental": true,
  "publisher": "HL7 (FHIR Project)",
  "contact": [
    {
      "telecom": [
        {
          "system": "other",
          "value": "http://hl7.org/fhir"
        },
        {
          "system": "email",
          "value": "fhir@lists.hl7.org"
        }
      ]
    }
  ],
  "date": "2015-06-23T10:59:44+10:00",
  "description": "LDL Cholesterol codes - measured or calculated",
  "copyright": "This content from LOINC© is copyright © 1995 Regenstrief Institute, Inc. and the LOINC Committee, and available at no cost under the license at http://loinc.org/terms-of-use.",
  "compose": {
    "include": [
      {
        "system": "http://loinc.org",
        "concept": [
          {
            "code": "18262-6",
            "display": "LDL Cholesterol (Assay)",
            "designation": [
              {
                "use": {
                  "system": "http://snomed.info/sct",
                  "code": "900000000000003001",
                  "display": "Fully specified name"
                },
                "value": "Cholesterol in LDL [Mass/volume] in Serum or Plasma by Direct assay"
              }
            ]
          },
          {
            "code": "13457-7",
            "display": "LDL Cholesterol (Calc)",
            "designation": [
              {
                "use": {
                  "system": "http://snomed.info/sct",
                  "code": "900000000000003001",
                  "display": "Fully specified name"
                },
                "value": "Cholesterol in LDL [Mass/volume] in Serum or Plasma by calculation"
              }
            ]
          }
        ]
      }
    ]
  }
}