{
  "resourceType": "ValueSet",
  "id": "reference-version-rules",
  "meta": {
    "lastUpdated": "2016-10-27T16:23:35.748+00:00",
    "profile": [
      "http://hl7.org/fhir/StructureDefinition/valueset-shareable-definition"
    ]
  },
  "text": {
    "status": "generated",
    "div": "<div xmlns=\"http://www.w3.org/1999/xhtml\"><h2>ReferenceVersionRules</h2><div><p>Whether a reference needs to be version specific or version independent, or whetehr either can be used</p>\n</div><p>This value set includes codes from the following code systems:</p><ul><li>Include all codes defined in <a href=\"codesystem-reference-version-rules.html\">http://hl7.org/fhir/reference-version-rules</a></li></ul></div>"
  },
  "url": "http://hl7.org/fhir/ValueSet/reference-version-rules",
  "identifier": [
    {
      "system": "urn:ietf:rfc:3986",
      "value": "urn:oid:2.16.840.1.113883.4.642.2.869"
    }
  ],
  "version": "1.7.0",
  "name": "ReferenceVersionRules",
  "status": "draft",
  "experimental": false,
  "publisher": "HL7 (FHIR Project)",
  "contact": [
    {
      "telecom": [
        {
          "system": "other",
          "value": "http://hl7.org/fhir"
        },
        {
          "system": "email",
          "value": "fhir@lists.hl7.org"
        }
      ]
    }
  ],
  "date": "2016-10-27T16:23:35+00:00",
  "description": "Whether a reference needs to be version specific or version independent, or whetehr either can be used",
  "compose": {
    "include": [
      {
        "system": "http://hl7.org/fhir/reference-version-rules"
      }
    ]
  }
}