{
  "resourceType": "ValueSet",
  "id": "units-of-time",
  "meta": {
    "lastUpdated": "2016-10-27T16:23:35.748+00:00",
    "profile": [
      "http://hl7.org/fhir/StructureDefinition/valueset-shareable-definition"
    ]
  },
  "text": {
    "status": "extensions",
    "div": "<div xmlns=\"http://www.w3.org/1999/xhtml\"><h2>UnitsOfTime</h2><div><p>A unit of time (units from UCUM).</p>\n</div><p><b>Copyright Statement:</b> These codes are excerpted from UCUM (THE UNIFIED CODE FOR UNITS OF MEASURE). UCUM is Copyright © 1989-2013 Regenstrief Institute, Inc. and The UCUM Organization, Indianapolis, IN. All rights reserved. See http://unitsofmeasure.org/trac//wiki/TermsOfUse for details.</p><p>This value set includes codes from the following code systems:</p><ul><li>Include these codes as defined in http://unitsofmeasure.org<table class=\"none\"><tr><td><b>Code</b></td><td><b>Display</b></td><td><b>Definition</b></td></tr><tr><td>s</td><td>s</td><td>second</td></tr><tr><td>min</td><td>min</td><td>minute</td></tr><tr><td>h</td><td>h</td><td>hour</td></tr><tr><td>d</td><td>d</td><td>day</td></tr><tr><td>wk</td><td>wk</td><td>week</td></tr><tr><td>mo</td><td>mo</td><td>month</td></tr><tr><td>a</td><td>a</td><td>year</td></tr></table></li></ul><p><b>Additional Language Displays</b></p><table class=\"codes\"><tr><td><b>Code</b></td><td><b>中文 (Chinese, zh)</b></td></tr><tr><td>s</td><td>秒</td></tr><tr><td>min</td><td>分钟</td></tr><tr><td>h</td><td>小时</td></tr><tr><td>d</td><td>天</td></tr><tr><td>wk</td><td>星期</td></tr><tr><td>mo</td><td>月</td></tr><tr><td>a</td><td>年</td></tr></table></div>"
  },
  "url": "http://hl7.org/fhir/ValueSet/units-of-time",
  "identifier": [
    {
      "system": "urn:ietf:rfc:3986",
      "value": "urn:oid:2.16.840.1.113883.4.642.2.42"
    }
  ],
  "version": "1.7.0",
  "name": "UnitsOfTime",
  "status": "draft",
  "experimental": false,
  "publisher": "HL7 (FHIR Project)",
  "contact": [
    {
      "telecom": [
        {
          "system": "other",
          "value": "http://hl7.org/fhir"
        },
        {
          "system": "email",
          "value": "fhir@lists.hl7.org"
        }
      ]
    }
  ],
  "date": "2016-10-27T16:23:35+00:00",
  "description": "A unit of time (units from UCUM).",
  "copyright": "These codes are excerpted from UCUM (THE UNIFIED CODE FOR UNITS OF MEASURE). UCUM is Copyright © 1989-2013 Regenstrief Institute, Inc. and The UCUM Organization, Indianapolis, IN. All rights reserved. See http://unitsofmeasure.org/trac//wiki/TermsOfUse for details.",
  "compose": {
    "include": [
      {
        "system": "http://unitsofmeasure.org",
        "concept": [
          {
            "extension": [
              {
                "url": "http://hl7.org/fhir/StructureDefinition/valueset-definition",
                "valueString": "second"
              }
            ],
            "code": "s",
            "designation": [
              {
                "language": "zh",
                "value": "秒"
              }
            ]
          },
          {
            "extension": [
              {
                "url": "http://hl7.org/fhir/StructureDefinition/valueset-definition",
                "valueString": "minute"
              }
            ],
            "code": "min",
            "designation": [
              {
                "language": "zh",
                "value": "分钟"
              }
            ]
          },
          {
            "extension": [
              {
                "url": "http://hl7.org/fhir/StructureDefinition/valueset-definition",
                "valueString": "hour"
              }
            ],
            "code": "h",
            "designation": [
              {
                "language": "zh",
                "value": "小时"
              }
            ]
          },
          {
            "extension": [
              {
                "url": "http://hl7.org/fhir/StructureDefinition/valueset-definition",
                "valueString": "day"
              }
            ],
            "code": "d",
            "designation": [
              {
                "language": "zh",
                "value": "天"
              }
            ]
          },
          {
            "extension": [
              {
                "url": "http://hl7.org/fhir/StructureDefinition/valueset-definition",
                "valueString": "week"
              }
            ],
            "code": "wk",
            "designation": [
              {
                "language": "zh",
                "value": "星期"
              }
            ]
          },
          {
            "extension": [
              {
                "url": "http://hl7.org/fhir/StructureDefinition/valueset-definition",
                "valueString": "month"
              }
            ],
            "code": "mo",
            "designation": [
              {
                "language": "zh",
                "value": "月"
              }
            ]
          },
          {
            "extension": [
              {
                "url": "http://hl7.org/fhir/StructureDefinition/valueset-definition",
                "valueString": "year"
              }
            ],
            "code": "a",
            "designation": [
              {
                "language": "zh",
                "value": "年"
              }
            ]
          }
        ]
      }
    ]
  }
}