{
  "resourceType": "ValueSet",
  "id": "sequence-species",
  "meta": {
    "lastUpdated": "2016-10-27T16:23:35.748+00:00",
    "profile": [
      "http://hl7.org/fhir/StructureDefinition/valueset-shareable-definition"
    ]
  },
  "text": {
    "status": "generated",
    "div": "<div xmlns=\"http://www.w3.org/1999/xhtml\"><h2>SNOMED CT Codes for species</h2><div><p>Codes identifying atomic results of observations when value is type codeableConcept. This value set includes all the children of SNOMED CT Concepts from SCTIDs 404684003 Clinical finding (finding), 410607006 Organism (organism),362981000 Qualifier value (qualifier value), 105590001 Substance (substance), and 123037004 Body structure (body structure).  It is provided as a suggestive example</p>\n</div><p><b>Copyright Statement:</b> This value set includes content from SNOMED CT, which is copyright © 2002+ International Health Terminology Standards Development Organisation (IHTSDO), and distributed by agreement between IHTSDO and HL7. Implementer use of SNOMED CT is not covered by this agreement</p><p>This value set includes codes from the following code systems:</p><ul><li>Include all codes defined in <a href=\"codesystem-snomedct.html\">http://snomed.info/sct</a></li></ul></div>"
  },
  "url": "http://hl7.org/fhir/ValueSet/sequence-species",
  "identifier": [
    {
      "system": "urn:ietf:rfc:3986",
      "value": "urn:oid:2.16.840.1.113883.4.642.2.467"
    }
  ],
  "version": "1.7.0",
  "name": "SNOMED CT Codes for species",
  "status": "draft",
  "experimental": true,
  "publisher": "HL7 Clinical Genomics Team",
  "contact": [
    {
      "telecom": [
        {
          "system": "other",
          "value": "http://hl7.org/fhir"
        }
      ]
    }
  ],
  "date": "2016-10-27T16:23:35+00:00",
  "description": "Codes identifying atomic results of observations when value is type codeableConcept. This value set includes all the children of SNOMED CT Concepts from SCTIDs 404684003 Clinical finding (finding), 410607006 Organism (organism),362981000 Qualifier value (qualifier value), 105590001 Substance (substance), and 123037004 Body structure (body structure).  It is provided as a suggestive example",
  "copyright": "This value set includes content from SNOMED CT, which is copyright © 2002+ International Health Terminology Standards Development Organisation (IHTSDO), and distributed by agreement between IHTSDO and HL7. Implementer use of SNOMED CT is not covered by this agreement",
  "compose": {
    "include": [
      {
        "system": "http://snomed.info/sct"
      }
    ]
  }
}