{
  "resourceType": "ValueSet",
  "id": "nutrient-code",
  "meta": {
    "lastUpdated": "2016-10-27T16:23:35.748+00:00",
    "profile": [
      "http://hl7.org/fhir/StructureDefinition/valueset-shareable-definition"
    ]
  },
  "text": {
    "status": "generated",
    "div": "<div xmlns=\"http://www.w3.org/1999/xhtml\"><h2>Nutrient Modifier Codes</h2><div><p>NutrientModifier :  Codes for types of nutrient that is being modified such as carbohydrate or sodium.  This value set includes all the children of SNOMED CT Concepts from SCTID 226355009 Nutrients (substance), Sodium, Potassium and Fluid and is provided as a suggestive example.</p>\n</div><p><b>Copyright Statement:</b> This value set includes content from SNOMED CT, which is copyright © 2002+ International Health Terminology Standards Development Organisation (IHTSDO), and distributed by agreement between IHTSDO and HL7. Implementer use of SNOMED CT is not covered by this agreement.</p><p>This value set includes codes from the following code systems:</p><ul><li>Include these codes as defined in <a href=\"codesystem-snomedct.html\">http://snomed.info/sct</a><table class=\"none\"><tr><td><b>Code</b></td><td><b>Display</b></td></tr><tr><td>33463005</td><td>Fluid</td><td/></tr><tr><td>39972003</td><td>Sodium</td><td/></tr><tr><td>88480006</td><td>Potassium</td><td/></tr></table></li><li>Include codes from <a href=\"codesystem-snomedct.html\">http://snomed.info/sct</a> where concept  is-a  226355009 (Nutrients)</li></ul></div>"
  },
  "url": "http://hl7.org/fhir/ValueSet/nutrient-code",
  "identifier": [
    {
      "system": "urn:ietf:rfc:3986",
      "value": "urn:oid:2.16.840.1.113883.4.642.2.207"
    }
  ],
  "version": "1.7.0",
  "name": "Nutrient Modifier Codes",
  "status": "draft",
  "experimental": true,
  "publisher": "FHIR NutritionRequest team",
  "contact": [
    {
      "telecom": [
        {
          "system": "other",
          "value": "http://hl7.org/fhir"
        }
      ]
    }
  ],
  "date": "2016-10-27T16:23:35+00:00",
  "description": "NutrientModifier :  Codes for types of nutrient that is being modified such as carbohydrate or sodium.  This value set includes all the children of SNOMED CT Concepts from SCTID 226355009 Nutrients (substance), Sodium, Potassium and Fluid and is provided as a suggestive example.",
  "copyright": "This value set includes content from SNOMED CT, which is copyright © 2002+ International Health Terminology Standards Development Organisation (IHTSDO), and distributed by agreement between IHTSDO and HL7. Implementer use of SNOMED CT is not covered by this agreement.",
  "compose": {
    "include": [
      {
        "system": "http://snomed.info/sct",
        "concept": [
          {
            "code": "33463005",
            "display": "Fluid"
          },
          {
            "code": "39972003",
            "display": "Sodium"
          },
          {
            "code": "88480006",
            "display": "Potassium"
          }
        ]
      },
      {
        "system": "http://snomed.info/sct",
        "filter": [
          {
            "property": "concept",
            "op": "is-a",
            "value": "226355009"
          }
        ]
      }
    ]
  }
}