{
  "resourceType": "ValueSet",
  "id": "device-kind",
  "meta": {
    "lastUpdated": "2016-10-27T16:23:35.748+00:00",
    "profile": [
      "http://hl7.org/fhir/StructureDefinition/valueset-shareable-definition"
    ]
  },
  "text": {
    "status": "generated",
    "div": "<div xmlns=\"http://www.w3.org/1999/xhtml\"><h2>Device Types</h2><div><p>Device Types :  Codes used to identify medical devices. This value set includes all children of SNOMED CT Concepts (US Extension and Core) from SCTID 49062001 Device (physical object)  and is provided as a suggestive example.</p>\n</div><p><b>Copyright Statement:</b> This value set includes content from SNOMED CT, which is copyright © 2002+ International Health Terminology Standards Development Organisation (IHTSDO), and distributed by agreement between IHTSDO and HL7. Implementer use of SNOMED CT is not covered by this agreement.</p><p>This value set includes codes from the following code systems:</p><ul><li>Include codes from <a href=\"codesystem-snomedct.html\">http://snomed.info/sct</a> where concept  is-a  49062001 (Device)</li></ul></div>"
  },
  "url": "http://hl7.org/fhir/ValueSet/device-kind",
  "identifier": [
    {
      "system": "urn:ietf:rfc:3986",
      "value": "urn:oid:2.16.840.1.113883.4.642.2.106"
    }
  ],
  "version": "1.7.0",
  "name": "Device Types",
  "status": "draft",
  "experimental": true,
  "publisher": "HL7 Orders and Observations Workgroup",
  "contact": [
    {
      "telecom": [
        {
          "system": "other",
          "value": "http://hl7.org/fhir"
        }
      ]
    }
  ],
  "date": "2016-10-27T16:23:35+00:00",
  "description": "Device Types :  Codes used to identify medical devices. This value set includes all children of SNOMED CT Concepts (US Extension and Core) from SCTID 49062001 Device (physical object)  and is provided as a suggestive example.",
  "copyright": "This value set includes content from SNOMED CT, which is copyright © 2002+ International Health Terminology Standards Development Organisation (IHTSDO), and distributed by agreement between IHTSDO and HL7. Implementer use of SNOMED CT is not covered by this agreement.",
  "compose": {
    "include": [
      {
        "system": "http://snomed.info/sct",
        "filter": [
          {
            "property": "concept",
            "op": "is-a",
            "value": "49062001"
          }
        ]
      }
    ]
  }
}