{
  "resourceType": "ValueSet",
  "id": "system-restful-interaction",
  "meta": {
    "lastUpdated": "2016-10-27T16:23:35.748+00:00",
    "profile": [
      "http://hl7.org/fhir/StructureDefinition/valueset-shareable-definition"
    ]
  },
  "text": {
    "status": "generated",
    "div": "<div xmlns=\"http://www.w3.org/1999/xhtml\"><h2>SystemRestfulInteraction</h2><div><p>Operations supported by REST at the system level.</p>\n</div><p>This value set includes codes from the following code systems:</p><ul><li>Include these codes as defined in <a href=\"codesystem-restful-interaction.html\">http://hl7.org/fhir/restful-interaction</a><table class=\"none\"><tr><td><b>Code</b></td><td><b>Display</b></td></tr><tr><td>transaction</td><td>transaction</td><td>Update, create or delete a set of resources as a single transaction.</td></tr><tr><td>batch</td><td>batch</td><td>perform a set of a separate interactions in a single http operation</td></tr><tr><td>search-system</td><td>search-system</td><td>Search all resources based on some filter criteria.</td></tr><tr><td>history-system</td><td>history-system</td><td>Retrieve the change history for all resources on a system.</td></tr></table></li></ul></div>"
  },
  "url": "http://hl7.org/fhir/ValueSet/system-restful-interaction",
  "identifier": [
    {
      "system": "urn:ietf:rfc:3986",
      "value": "urn:oid:2.16.840.1.113883.4.642.2.84"
    }
  ],
  "version": "1.7.0",
  "name": "SystemRestfulInteraction",
  "status": "draft",
  "experimental": false,
  "publisher": "HL7 (FHIR Project)",
  "contact": [
    {
      "telecom": [
        {
          "system": "other",
          "value": "http://hl7.org/fhir"
        },
        {
          "system": "email",
          "value": "fhir@lists.hl7.org"
        }
      ]
    }
  ],
  "date": "2016-10-27T16:23:35+00:00",
  "description": "Operations supported by REST at the system level.",
  "compose": {
    "include": [
      {
        "system": "http://hl7.org/fhir/restful-interaction",
        "concept": [
          {
            "code": "transaction"
          },
          {
            "code": "batch"
          },
          {
            "code": "search-system"
          },
          {
            "code": "history-system"
          }
        ]
      }
    ]
  }
}