{
  "resourceType": "ValueSet",
  "id": "detectedissue-mitigation-action",
  "meta": {
    "lastUpdated": "2016-10-27T16:23:35.748+00:00",
    "profile": [
      "http://hl7.org/fhir/StructureDefinition/valueset-shareable-definition"
    ]
  },
  "text": {
    "status": "generated",
    "div": "<div xmlns=\"http://www.w3.org/1999/xhtml\"><h2>Detected Issue Mitigation Action</h2><div><p>Kinds of mitigating actions and observations that can be associated with a detected issue or contraindication, such as 'added concurrent therapy', 'prior therapy documented', etc.</p>\n</div><p>This value set includes codes from the following code systems:</p><ul><li>Include codes from <a href=\"v3/ActCode/cs.html\">http://hl7.org/fhir/v3/ActCode</a> where concept  is-a  <a href=\"v3/ActCode/cs.html#_ActDetectedIssueManagementCode\">_ActDetectedIssueManagementCode</a></li></ul></div>"
  },
  "url": "http://hl7.org/fhir/ValueSet/detectedissue-mitigation-action",
  "identifier": [
    {
      "system": "urn:ietf:rfc:3986",
      "value": "urn:oid:2.16.840.1.113883.4.642.2.104"
    }
  ],
  "version": "1.7.0",
  "name": "Detected Issue Mitigation Action",
  "status": "draft",
  "experimental": true,
  "publisher": "FHIR Project team",
  "contact": [
    {
      "telecom": [
        {
          "system": "other",
          "value": "http://hl7.org/fhir"
        }
      ]
    }
  ],
  "date": "2016-10-27T16:23:35+00:00",
  "description": "Kinds of mitigating actions and observations that can be associated with a detected issue or contraindication, such as 'added concurrent therapy', 'prior therapy documented', etc.",
  "compose": {
    "include": [
      {
        "system": "http://hl7.org/fhir/v3/ActCode",
        "filter": [
          {
            "property": "concept",
            "op": "is-a",
            "value": "_ActDetectedIssueManagementCode"
          }
        ]
      }
    ]
  }
}