{
  "resourceType": "ValueSet",
  "id": "specimen-status",
  "meta": {
    "lastUpdated": "2016-10-27T16:23:35.748+00:00",
    "profile": [
      "http://hl7.org/fhir/StructureDefinition/valueset-shareable-definition"
    ]
  },
  "text": {
    "status": "generated",
    "div": "<div xmlns=\"http://www.w3.org/1999/xhtml\"><h2>SpecimenStatus</h2><div><p>Codes providing the status/availability of a specimen.</p>\n</div><p>This value set includes codes from the following code systems:</p><ul><li>Include all codes defined in <a href=\"codesystem-specimen-status.html\">http://hl7.org/fhir/specimen-status</a></li></ul></div>"
  },
  "url": "http://hl7.org/fhir/ValueSet/specimen-status",
  "identifier": [
    {
      "system": "urn:ietf:rfc:3986",
      "value": "urn:oid:2.16.840.1.113883.4.642.2.426"
    }
  ],
  "version": "1.7.0",
  "name": "SpecimenStatus",
  "status": "draft",
  "experimental": false,
  "publisher": "HL7 (FHIR Project)",
  "contact": [
    {
      "telecom": [
        {
          "system": "other",
          "value": "http://hl7.org/fhir"
        },
        {
          "system": "email",
          "value": "fhir@lists.hl7.org"
        }
      ]
    }
  ],
  "date": "2016-10-27T16:23:35+00:00",
  "description": "Codes providing the status/availability of a specimen.",
  "compose": {
    "include": [
      {
        "system": "http://hl7.org/fhir/specimen-status"
      }
    ]
  }
}