{
  "resourceType": "ValueSet",
  "id": "testscript-profile-destination-types",
  "meta": {
    "lastUpdated": "2016-10-27T16:23:35.748+00:00",
    "profile": [
      "http://hl7.org/fhir/StructureDefinition/valueset-shareable-definition"
    ]
  },
  "text": {
    "status": "generated",
    "div": "<div xmlns=\"http://www.w3.org/1999/xhtml\"><h2>TestScriptProfileDestinationType</h2><div><p>This value set defines a set of codes that are used to indicate the profile type of a test system when acting as the destination within a TestScript.</p>\n</div><p>This value set includes codes from the following code systems:</p><ul><li>Include all codes defined in <a href=\"codesystem-testscript-profile-destination-types.html\">http://hl7.org/fhir/testscript-profile-destination-types</a></li></ul></div>"
  },
  "url": "http://hl7.org/fhir/ValueSet/testscript-profile-destination-types",
  "identifier": [
    {
      "system": "urn:ietf:rfc:3986",
      "value": "urn:oid:2.16.840.1.113883.4.642.2.558"
    }
  ],
  "version": "1.7.0",
  "name": "TestScriptProfileDestinationType",
  "status": "draft",
  "experimental": true,
  "publisher": "FHIR Project team",
  "contact": [
    {
      "telecom": [
        {
          "system": "other",
          "value": "http://hl7.org/fhir"
        }
      ]
    }
  ],
  "date": "2016-10-27T16:23:35+00:00",
  "description": "This value set defines a set of codes that are used to indicate the profile type of a test system when acting as the destination within a TestScript.",
  "compose": {
    "include": [
      {
        "system": "http://hl7.org/fhir/testscript-profile-destination-types"
      }
    ]
  }
}