{
  "resourceType": "ValueSet",
  "id": "item-type",
  "meta": {
    "lastUpdated": "2016-10-27T16:23:35.748+00:00",
    "profile": [
      "http://hl7.org/fhir/StructureDefinition/valueset-shareable-definition"
    ]
  },
  "text": {
    "status": "generated",
    "div": "<div xmlns=\"http://www.w3.org/1999/xhtml\"><h2>QuestionnaireItemType</h2><div><p>Distinguishes groups from questions and display text and indicates data type for questions</p>\n</div><p>This value set includes codes from the following code systems:</p><ul><li>Include all codes defined in <a href=\"codesystem-item-type.html\">http://hl7.org/fhir/item-type</a></li></ul></div>"
  },
  "url": "http://hl7.org/fhir/ValueSet/item-type",
  "identifier": [
    {
      "system": "urn:ietf:rfc:3986",
      "value": "urn:oid:2.16.840.1.113883.4.642.2.477"
    }
  ],
  "version": "1.7.0",
  "name": "QuestionnaireItemType",
  "status": "draft",
  "experimental": false,
  "publisher": "HL7 (FHIR Project)",
  "contact": [
    {
      "telecom": [
        {
          "system": "other",
          "value": "http://hl7.org/fhir"
        },
        {
          "system": "email",
          "value": "fhir@lists.hl7.org"
        }
      ]
    }
  ],
  "date": "2016-10-27T16:23:35+00:00",
  "description": "Distinguishes groups from questions and display text and indicates data type for questions",
  "compose": {
    "include": [
      {
        "system": "http://hl7.org/fhir/item-type"
      }
    ]
  }
}