{
  "resourceType": "ValueSet",
  "id": "doc-classcodes",
  "meta": {
    "lastUpdated": "2016-10-27T16:23:35.748+00:00",
    "profile": [
      "http://hl7.org/fhir/StructureDefinition/valueset-shareable-definition"
    ]
  },
  "text": {
    "status": "generated",
    "div": "<div xmlns=\"http://www.w3.org/1999/xhtml\"><h2>FHIR Document Class Codes</h2><div><p>LOINC codes for Document Kind, taken from the LOINC document ontology.</p>\n</div><p><b>Copyright Statement:</b> This content from LOINC® is copyright © 1995 Regenstrief Institute, Inc. and the LOINC Committee, and available at no cost under the license at http://loinc.org/terms-of-use.</p><p>This value set includes codes from the following code systems:</p><ul><li>Include these codes as defined in http://loinc.org<table class=\"none\"><tr><td><b>Code</b></td><td><b>Display</b></td></tr><tr><td>LP173387-4</td><td>Administrative note</td><td/></tr><tr><td>LP173388-2</td><td>Against medical advice note</td><td/></tr><tr><td>LP173389-0</td><td>Agreement</td><td/></tr><tr><td>LP173390-8</td><td>Certificate</td><td/></tr><tr><td>LP173394-0</td><td>Consent</td><td/></tr><tr><td>LP173403-9</td><td>Contract</td><td/></tr><tr><td>LP193873-9</td><td>Driver license</td><td/></tr><tr><td>LP173404-7</td><td>Health insurance card</td><td/></tr><tr><td>LP173405-4</td><td>Health insurance-related form</td><td/></tr><tr><td>LP173406-2</td><td>Health record cover sheet</td><td/></tr><tr><td>LP173407-0</td><td>Legal document</td><td/></tr><tr><td>LP181089-6</td><td>Request</td><td/></tr><tr><td>LP173409-6</td><td>Advance directive</td><td/></tr><tr><td>LP173410-4</td><td>Do not resuscitate</td><td/></tr><tr><td>LP173412-0</td><td>Living will</td><td/></tr><tr><td>LP173413-8</td><td>Rescinded advance directive</td><td/></tr><tr><td>LP173414-6</td><td>Diagram</td><td/></tr><tr><td>LP173415-3</td><td>Flowsheet</td><td/></tr><tr><td>LP181112-6</td><td>Form</td><td/></tr><tr><td>LP181116-7</td><td>Instructions</td><td/></tr><tr><td>LP181119-1</td><td>Action plan</td><td/></tr><tr><td>LP173118-3</td><td>Discharge instructions</td><td/></tr><tr><td>LP173416-1</td><td>Legal</td><td/></tr><tr><td>LP173417-9</td><td>Letter</td><td/></tr><tr><td>LP173418-7</td><td>Note</td><td/></tr><tr><td>LP173419-5</td><td>Adverse event note</td><td/></tr><tr><td>LP173420-3</td><td>Alert</td><td/></tr><tr><td>LP181207-4</td><td>Order</td><td/></tr><tr><td>LP181204-1</td><td>Prescription</td><td/></tr><tr><td>LP156982-3</td><td>Photographic image</td><td/></tr><tr><td>LP173421-1</td><td>Report</td><td/></tr><tr><td>LP183503-4</td><td>Case report</td><td/></tr><tr><td>LP183502-6</td><td>Registry report</td><td/></tr></table></li></ul></div>"
  },
  "url": "http://hl7.org/fhir/ValueSet/doc-classcodes",
  "identifier": [
    {
      "system": "urn:ietf:rfc:3986",
      "value": "urn:oid:2.16.840.1.113883.4.642.2.125"
    }
  ],
  "version": "1.7.0",
  "name": "FHIR Document Class Codes",
  "status": "draft",
  "experimental": true,
  "publisher": "HL7",
  "contact": [
    {
      "telecom": [
        {
          "system": "other",
          "value": "http://hl7.org"
        }
      ]
    }
  ],
  "date": "2016-10-27T16:23:35+00:00",
  "description": "LOINC codes for Document Kind, taken from the LOINC document ontology.",
  "copyright": "This content from LOINC® is copyright © 1995 Regenstrief Institute, Inc. and the LOINC Committee, and available at no cost under the license at http://loinc.org/terms-of-use.",
  "compose": {
    "include": [
      {
        "system": "http://loinc.org",
        "concept": [
          {
            "code": "LP173387-4",
            "display": "Administrative note"
          },
          {
            "code": "LP173388-2",
            "display": "Against medical advice note"
          },
          {
            "code": "LP173389-0",
            "display": "Agreement"
          },
          {
            "code": "LP173390-8",
            "display": "Certificate"
          },
          {
            "code": "LP173394-0",
            "display": "Consent"
          },
          {
            "code": "LP173403-9",
            "display": "Contract"
          },
          {
            "code": "LP193873-9",
            "display": "Driver license"
          },
          {
            "code": "LP173404-7",
            "display": "Health insurance card"
          },
          {
            "code": "LP173405-4",
            "display": "Health insurance-related form"
          },
          {
            "code": "LP173406-2",
            "display": "Health record cover sheet"
          },
          {
            "code": "LP173407-0",
            "display": "Legal document"
          },
          {
            "code": "LP181089-6",
            "display": "Request"
          },
          {
            "code": "LP173409-6",
            "display": "Advance directive"
          },
          {
            "code": "LP173410-4",
            "display": "Do not resuscitate"
          },
          {
            "code": "LP173412-0",
            "display": "Living will"
          },
          {
            "code": "LP173413-8",
            "display": "Rescinded advance directive"
          },
          {
            "code": "LP173414-6",
            "display": "Diagram"
          },
          {
            "code": "LP173415-3",
            "display": "Flowsheet"
          },
          {
            "code": "LP181112-6",
            "display": "Form"
          },
          {
            "code": "LP181116-7",
            "display": "Instructions"
          },
          {
            "code": "LP181119-1",
            "display": "Action plan"
          },
          {
            "code": "LP173118-3",
            "display": "Discharge instructions"
          },
          {
            "code": "LP173416-1",
            "display": "Legal"
          },
          {
            "code": "LP173417-9",
            "display": "Letter"
          },
          {
            "code": "LP173418-7",
            "display": "Note"
          },
          {
            "code": "LP173419-5",
            "display": "Adverse event note"
          },
          {
            "code": "LP173420-3",
            "display": "Alert"
          },
          {
            "code": "LP181207-4",
            "display": "Order"
          },
          {
            "code": "LP181204-1",
            "display": "Prescription"
          },
          {
            "code": "LP156982-3",
            "display": "Photographic image"
          },
          {
            "code": "LP173421-1",
            "display": "Report"
          },
          {
            "code": "LP183503-4",
            "display": "Case report"
          },
          {
            "code": "LP183502-6",
            "display": "Registry report"
          }
        ]
      }
    ]
  }
}