{
  "resourceType": "Questionnaire",
  "id": "qs1",
  "contained": [
    {
      "resourceType": "ValueSet",
      "id": "vs2",
      "name": "Type options for VisionPrescription.reason[x]",
      "status": "active",
      "description": "Type options for VisionPrescription.reason[x]",
      "expansion": {
        "identifier": "urn:uuid:59836a3e-69d6-46d6-b0bc-f2c3bd4c3e0f",
        "timestamp": "2016-10-27T16:28:20+00:00",
        "contains": [
          {
            "system": "http://hl7.org/fhir/data-types",
            "code": "CodeableConcept",
            "display": "CodeableConcept"
          },
          {
            "system": "http://hl7.org/fhir/resource-types",
            "code": "Condition",
            "display": "Condition"
          }
        ]
      }
    }
  ],
  "identifier": [
    {
      "system": "urn:ietf:rfc:3986"
    }
  ],
  "status": "draft",
  "date": "2016-10-27T16:23:35+00:00",
  "publisher": "Health Level Seven International (Financial Management)",
  "item": [
    {
      "linkId": "VisionPrescription",
      "text": "Prescription for vision correction products for a patient",
      "type": "group",
      "required": false,
      "repeats": true,
      "item": [
        {
          "extension": [
            {
              "url": "http://hl7.org/fhir/StructureDefinition/questionnaire-itemControl",
              "valueCodeableConcept": {
                "coding": [
                  {
                    "system": "http://hl7.org/fhir/questionnaire-item-control",
                    "code": "flyover",
                    "display": "Fly-over"
                  }
                ]
              }
            }
          ],
          "text": "An authorization for the supply of glasses and/or contact lenses to a patient.",
          "type": "display"
        },
        {
          "extension": [
            {
              "url": "http://hl7.org/fhir/StructureDefinition/questionnaire-maxOccurs",
              "valueInteger": 1
            },
            {
              "url": "http://hl7.org/fhir/StructureDefinition/questionnaire-fhirType",
              "valueString": "string"
            }
          ],
          "linkId": "VisionPrescription.id",
          "type": "group",
          "required": false,
          "repeats": true,
          "item": [
            {
              "extension": [
                {
                  "url": "http://hl7.org/fhir/StructureDefinition/questionnaire-itemControl",
                  "valueCodeableConcept": {
                    "coding": [
                      {
                        "system": "http://hl7.org/fhir/questionnaire-item-control",
                        "code": "flyover",
                        "display": "Fly-over"
                      }
                    ]
                  }
                }
              ],
              "text": "The logical id of the resource, as used in the URL for the resource. Once assigned, this value never changes. The only time that a resource does not have an id is when it is being submitted to the server using a create operation.",
              "type": "display"
            },
            {
              "linkId": "VisionPrescription.id.value",
              "text": "Logical id of this artifact",
              "type": "string",
              "required": false,
              "repeats": false
            }
          ]
        },
        {
          "extension": [
            {
              "url": "http://hl7.org/fhir/StructureDefinition/questionnaire-maxOccurs",
              "valueInteger": 1
            }
          ],
          "linkId": "VisionPrescription.meta",
          "text": "Metadata about the resource",
          "type": "group",
          "required": false,
          "repeats": true,
          "item": [
            {
              "extension": [
                {
                  "url": "http://hl7.org/fhir/StructureDefinition/questionnaire-itemControl",
                  "valueCodeableConcept": {
                    "coding": [
                      {
                        "system": "http://hl7.org/fhir/questionnaire-item-control",
                        "code": "flyover",
                        "display": "Fly-over"
                      }
                    ]
                  }
                }
              ],
              "text": "The metadata about the resource. This is content that is maintained by the infrastructure. Changes to the content may not always be associated with version changes to the resource.",
              "type": "display"
            }
          ]
        },
        {
          "extension": [
            {
              "url": "http://hl7.org/fhir/StructureDefinition/questionnaire-maxOccurs",
              "valueInteger": 1
            },
            {
              "url": "http://hl7.org/fhir/StructureDefinition/questionnaire-fhirType",
              "valueString": "uri"
            }
          ],
          "linkId": "VisionPrescription.implicitRules",
          "type": "group",
          "required": false,
          "repeats": true,
          "item": [
            {
              "extension": [
                {
                  "url": "http://hl7.org/fhir/StructureDefinition/questionnaire-itemControl",
                  "valueCodeableConcept": {
                    "coding": [
                      {
                        "system": "http://hl7.org/fhir/questionnaire-item-control",
                        "code": "flyover",
                        "display": "Fly-over"
                      }
                    ]
                  }
                }
              ],
              "text": "A reference to a set of rules that were followed when the resource was constructed, and which must be understood when processing the content. Asserting this rule set restricts the content to be only understood by a limited set of trading partners. This inherently limits the usefulness of the data in the long term. However, the existing health eco-system is highly fractured, and not yet ready to define, collect, and exchange data in a generally computable sense. Wherever possible, implementers and/or specification writers should avoid using this element as much as possible.",
              "type": "display"
            },
            {
              "linkId": "VisionPrescription.implicitRules.value",
              "text": "A set of rules under which this content was created",
              "type": "string",
              "required": false,
              "repeats": false
            }
          ]
        },
        {
          "extension": [
            {
              "url": "http://hl7.org/fhir/StructureDefinition/questionnaire-maxOccurs",
              "valueInteger": 1
            },
            {
              "url": "http://hl7.org/fhir/StructureDefinition/questionnaire-fhirType",
              "valueString": "code"
            }
          ],
          "linkId": "VisionPrescription.language",
          "type": "group",
          "required": false,
          "repeats": true,
          "item": [
            {
              "extension": [
                {
                  "url": "http://hl7.org/fhir/StructureDefinition/questionnaire-itemControl",
                  "valueCodeableConcept": {
                    "coding": [
                      {
                        "system": "http://hl7.org/fhir/questionnaire-item-control",
                        "code": "flyover",
                        "display": "Fly-over"
                      }
                    ]
                  }
                }
              ],
              "text": "The base language in which the resource is written. Language is provided to support indexing and accessibility (typically, services such as text to speech use the language tag). The html language tag in the narrative applies  to the narrative. The language tag on the resource may be used to specify the language of other presentations generated from the data in the resource  Not all the content has to be in the base language. The Resource.language should not be assumed to apply to the narrative automatically. If a language is specified, it should it also be specified on the div element in the html (see rules in HTML5 for information about the relationship between xml:lang and the html lang attribute).",
              "type": "display"
            },
            {
              "linkId": "VisionPrescription.language.value",
              "text": "language",
              "type": "choice",
              "required": false,
              "repeats": false
            }
          ]
        },
        {
          "extension": [
            {
              "url": "http://hl7.org/fhir/StructureDefinition/questionnaire-maxOccurs",
              "valueInteger": 1
            }
          ],
          "linkId": "VisionPrescription.text",
          "text": "Text summary of the resource, for human interpretation",
          "type": "group",
          "required": false,
          "repeats": true,
          "item": [
            {
              "extension": [
                {
                  "url": "http://hl7.org/fhir/StructureDefinition/questionnaire-itemControl",
                  "valueCodeableConcept": {
                    "coding": [
                      {
                        "system": "http://hl7.org/fhir/questionnaire-item-control",
                        "code": "flyover",
                        "display": "Fly-over"
                      }
                    ]
                  }
                }
              ],
              "text": "A human-readable narrative that contains a summary of the resource, and may be used to represent the content of the resource to a human. The narrative need not encode all the structured data, but is required to contain sufficient detail to make it \"clinically safe\" for a human to just read the narrative. Resource definitions may define what content should be represented in the narrative to ensure clinical safety. Contained resources do not have narrative. Resources that are not contained SHOULD have a narrative. In some cases, a resource may only have text with little or no additional discrete data (as long as all minOccurs=1 elements are satisfied).  This may be necessary for data from legacy systems where information is captured as a \"text blob\" or where text is additionally entered raw or narrated and encoded in formation is added later.",
              "type": "display"
            }
          ]
        },
        {
          "linkId": "VisionPrescription.contained",
          "text": "Contained, inline Resources",
          "type": "group",
          "required": false,
          "repeats": true,
          "item": [
            {
              "extension": [
                {
                  "url": "http://hl7.org/fhir/StructureDefinition/questionnaire-itemControl",
                  "valueCodeableConcept": {
                    "coding": [
                      {
                        "system": "http://hl7.org/fhir/questionnaire-item-control",
                        "code": "flyover",
                        "display": "Fly-over"
                      }
                    ]
                  }
                }
              ],
              "text": "These resources do not have an independent existence apart from the resource that contains them - they cannot be identified independently, and nor can they have their own independent transaction scope. This should never be done when the content can be identified properly, as once identification is lost, it is extremely difficult (and context dependent) to restore it again.",
              "type": "display"
            }
          ]
        },
        {
          "linkId": "VisionPrescription.extension",
          "text": "Additional Content defined by implementations",
          "type": "group",
          "required": false,
          "repeats": true,
          "item": [
            {
              "extension": [
                {
                  "url": "http://hl7.org/fhir/StructureDefinition/questionnaire-itemControl",
                  "valueCodeableConcept": {
                    "coding": [
                      {
                        "system": "http://hl7.org/fhir/questionnaire-item-control",
                        "code": "flyover",
                        "display": "Fly-over"
                      }
                    ]
                  }
                }
              ],
              "text": "May be used to represent additional information that is not part of the basic definition of the resource. In order to make the use of extensions safe and manageable, there is a strict set of governance  applied to the definition and use of extensions. Though any implementer is allowed to define an extension, there is a set of requirements that SHALL be met as part of the definition of the extension. There can be no stigma associated with the use of extensions by any application, project, or standard - regardless of the institution or jurisdiction that uses or defines the extensions.  The use of extensions is what allows the FHIR specification to retain a core level of simplicity for everyone.",
              "type": "display"
            }
          ]
        },
        {
          "linkId": "VisionPrescription.modifierExtension",
          "text": "Extensions that cannot be ignored",
          "type": "group",
          "required": false,
          "repeats": true,
          "item": [
            {
              "extension": [
                {
                  "url": "http://hl7.org/fhir/StructureDefinition/questionnaire-itemControl",
                  "valueCodeableConcept": {
                    "coding": [
                      {
                        "system": "http://hl7.org/fhir/questionnaire-item-control",
                        "code": "flyover",
                        "display": "Fly-over"
                      }
                    ]
                  }
                }
              ],
              "text": "May be used to represent additional information that is not part of the basic definition of the resource, and that modifies the understanding of the element that contains it. Usually modifier elements provide negation or qualification. In order to make the use of extensions safe and manageable, there is a strict set of governance applied to the definition and use of extensions. Though any implementer is allowed to define an extension, there is a set of requirements that SHALL be met as part of the definition of the extension. Applications processing a resource are required to check for modifier extensions. There can be no stigma associated with the use of extensions by any application, project, or standard - regardless of the institution or jurisdiction that uses or defines the extensions.  The use of extensions is what allows the FHIR specification to retain a core level of simplicity for everyone.",
              "type": "display"
            }
          ]
        },
        {
          "extension": [
            {
              "url": "http://hl7.org/fhir/StructureDefinition/questionnaire-fhirType",
              "valueString": "Identifier"
            }
          ],
          "linkId": "VisionPrescription.identifier",
          "text": "Business identifier",
          "type": "group",
          "required": false,
          "repeats": true,
          "item": [
            {
              "extension": [
                {
                  "url": "http://hl7.org/fhir/StructureDefinition/questionnaire-itemControl",
                  "valueCodeableConcept": {
                    "coding": [
                      {
                        "system": "http://hl7.org/fhir/questionnaire-item-control",
                        "code": "flyover",
                        "display": "Fly-over"
                      }
                    ]
                  }
                }
              ],
              "text": "Business identifier which may be used by other parties to reference or identify the prescription.",
              "type": "display"
            },
            {
              "linkId": "VisionPrescription.identifier.label",
              "text": "label:",
              "type": "string",
              "required": false,
              "repeats": false
            },
            {
              "linkId": "VisionPrescription.identifier.system",
              "text": "system:",
              "type": "string",
              "required": false,
              "repeats": false
            },
            {
              "linkId": "VisionPrescription.identifier.value",
              "text": "value:",
              "type": "string",
              "required": false,
              "repeats": false
            }
          ]
        },
        {
          "extension": [
            {
              "url": "http://hl7.org/fhir/StructureDefinition/questionnaire-minOccurs",
              "valueInteger": 1
            },
            {
              "url": "http://hl7.org/fhir/StructureDefinition/questionnaire-maxOccurs",
              "valueInteger": 1
            },
            {
              "url": "http://hl7.org/fhir/StructureDefinition/questionnaire-fhirType",
              "valueString": "code"
            }
          ],
          "linkId": "VisionPrescription.status",
          "type": "group",
          "required": true,
          "repeats": true,
          "item": [
            {
              "extension": [
                {
                  "url": "http://hl7.org/fhir/StructureDefinition/questionnaire-itemControl",
                  "valueCodeableConcept": {
                    "coding": [
                      {
                        "system": "http://hl7.org/fhir/questionnaire-item-control",
                        "code": "flyover",
                        "display": "Fly-over"
                      }
                    ]
                  }
                }
              ],
              "text": "The status of the resource instance.",
              "type": "display"
            },
            {
              "linkId": "VisionPrescription.status.value",
              "text": "status",
              "type": "choice",
              "required": false,
              "repeats": false
            }
          ]
        },
        {
          "extension": [
            {
              "url": "http://hl7.org/fhir/StructureDefinition/questionnaire-maxOccurs",
              "valueInteger": 1
            },
            {
              "url": "http://hl7.org/fhir/StructureDefinition/questionnaire-fhirType",
              "valueString": "datetime"
            }
          ],
          "linkId": "VisionPrescription.dateWritten",
          "type": "group",
          "required": false,
          "repeats": true,
          "item": [
            {
              "extension": [
                {
                  "url": "http://hl7.org/fhir/StructureDefinition/questionnaire-itemControl",
                  "valueCodeableConcept": {
                    "coding": [
                      {
                        "system": "http://hl7.org/fhir/questionnaire-item-control",
                        "code": "flyover",
                        "display": "Fly-over"
                      }
                    ]
                  }
                }
              ],
              "text": "The date (and perhaps time) when the prescription was written.",
              "type": "display"
            },
            {
              "linkId": "VisionPrescription.dateWritten.value",
              "text": "When prescription was authorized",
              "type": "dateTime",
              "required": false,
              "repeats": false
            }
          ]
        },
        {
          "extension": [
            {
              "url": "http://hl7.org/fhir/StructureDefinition/questionnaire-maxOccurs",
              "valueInteger": 1
            },
            {
              "url": "http://hl7.org/fhir/StructureDefinition/questionnaire-fhirType",
              "valueString": "Reference"
            }
          ],
          "linkId": "VisionPrescription.patient",
          "type": "group",
          "required": false,
          "repeats": true,
          "item": [
            {
              "extension": [
                {
                  "url": "http://hl7.org/fhir/StructureDefinition/questionnaire-itemControl",
                  "valueCodeableConcept": {
                    "coding": [
                      {
                        "system": "http://hl7.org/fhir/questionnaire-item-control",
                        "code": "flyover",
                        "display": "Fly-over"
                      }
                    ]
                  }
                }
              ],
              "text": "A link to a resource representing the person to whom the vision products will be supplied.",
              "type": "display"
            },
            {
              "extension": [
                {
                  "url": "http://hl7.org/fhir/StructureDefinition/questionnaire-allowedResource",
                  "valueCode": "Patient"
                },
                {
                  "url": "http://hl7.org/fhir/StructureDefinition/questionnaire-referenceFilter",
                  "valueString": "subject=$subj&patient=$subj&encounter=$encounter"
                }
              ],
              "linkId": "VisionPrescription.patient.value",
              "text": "Who prescription is for",
              "type": "reference",
              "required": false,
              "repeats": false
            }
          ]
        },
        {
          "extension": [
            {
              "url": "http://hl7.org/fhir/StructureDefinition/questionnaire-maxOccurs",
              "valueInteger": 1
            },
            {
              "url": "http://hl7.org/fhir/StructureDefinition/questionnaire-fhirType",
              "valueString": "Reference"
            }
          ],
          "linkId": "VisionPrescription.prescriber",
          "type": "group",
          "required": false,
          "repeats": true,
          "item": [
            {
              "extension": [
                {
                  "url": "http://hl7.org/fhir/StructureDefinition/questionnaire-itemControl",
                  "valueCodeableConcept": {
                    "coding": [
                      {
                        "system": "http://hl7.org/fhir/questionnaire-item-control",
                        "code": "flyover",
                        "display": "Fly-over"
                      }
                    ]
                  }
                }
              ],
              "text": "The healthcare professional responsible for authorizing the prescription.",
              "type": "display"
            },
            {
              "extension": [
                {
                  "url": "http://hl7.org/fhir/StructureDefinition/questionnaire-allowedResource",
                  "valueCode": "Practitioner"
                },
                {
                  "url": "http://hl7.org/fhir/StructureDefinition/questionnaire-referenceFilter",
                  "valueString": "subject=$subj&patient=$subj&encounter=$encounter"
                }
              ],
              "linkId": "VisionPrescription.prescriber.value",
              "text": "Who authorizes the vision product",
              "type": "reference",
              "required": false,
              "repeats": false
            }
          ]
        },
        {
          "extension": [
            {
              "url": "http://hl7.org/fhir/StructureDefinition/questionnaire-maxOccurs",
              "valueInteger": 1
            },
            {
              "url": "http://hl7.org/fhir/StructureDefinition/questionnaire-fhirType",
              "valueString": "Reference"
            }
          ],
          "linkId": "VisionPrescription.encounter",
          "type": "group",
          "required": false,
          "repeats": true,
          "item": [
            {
              "extension": [
                {
                  "url": "http://hl7.org/fhir/StructureDefinition/questionnaire-itemControl",
                  "valueCodeableConcept": {
                    "coding": [
                      {
                        "system": "http://hl7.org/fhir/questionnaire-item-control",
                        "code": "flyover",
                        "display": "Fly-over"
                      }
                    ]
                  }
                }
              ],
              "text": "A link to a resource that identifies the particular occurrence of contact between patient and health care provider.",
              "type": "display"
            },
            {
              "extension": [
                {
                  "url": "http://hl7.org/fhir/StructureDefinition/questionnaire-allowedResource",
                  "valueCode": "Encounter"
                },
                {
                  "url": "http://hl7.org/fhir/StructureDefinition/questionnaire-referenceFilter",
                  "valueString": "subject=$subj&patient=$subj&encounter=$encounter"
                }
              ],
              "linkId": "VisionPrescription.encounter.value",
              "text": "Created during encounter / admission / stay",
              "type": "reference",
              "required": false,
              "repeats": false
            }
          ]
        },
        {
          "extension": [
            {
              "url": "http://hl7.org/fhir/StructureDefinition/questionnaire-maxOccurs",
              "valueInteger": 1
            }
          ],
          "linkId": "VisionPrescription.reason[x]",
          "text": "Reason or indication for writing the prescription",
          "type": "group",
          "required": false,
          "repeats": true,
          "item": [
            {
              "extension": [
                {
                  "url": "http://hl7.org/fhir/StructureDefinition/questionnaire-itemControl",
                  "valueCodeableConcept": {
                    "coding": [
                      {
                        "system": "http://hl7.org/fhir/questionnaire-item-control",
                        "code": "flyover",
                        "display": "Fly-over"
                      }
                    ]
                  }
                }
              ],
              "text": "Can be the reason or the indication for writing the prescription.",
              "type": "display"
            },
            {
              "linkId": "VisionPrescription.reason[x]._type",
              "text": "type",
              "type": "choice",
              "required": false,
              "repeats": false,
              "options": {
                "reference": "#vs2"
              },
              "item": [
                {
                  "extension": [
                    {
                      "url": "http://hl7.org/fhir/StructureDefinition/questionnaire-fhirType",
                      "valueString": "CodeableConcept"
                    }
                  ],
                  "linkId": "VisionPrescription.reason[x]._CodeableConcept",
                  "text": "CodeableConcept",
                  "type": "group",
                  "item": [
                    {
                      "linkId": "VisionPrescription.reason[x]._CodeableConcept.coding",
                      "text": "code:",
                      "type": "open-choice",
                      "required": false,
                      "repeats": false
                    },
                    {
                      "linkId": "VisionPrescription.reason[x]._CodeableConcept.text",
                      "text": "text:",
                      "type": "string",
                      "required": false,
                      "repeats": false
                    }
                  ]
                },
                {
                  "extension": [
                    {
                      "url": "http://hl7.org/fhir/StructureDefinition/questionnaire-fhirType",
                      "valueString": "Reference"
                    }
                  ],
                  "linkId": "VisionPrescription.reason[x]._Condition",
                  "type": "group",
                  "item": [
                    {
                      "extension": [
                        {
                          "url": "http://hl7.org/fhir/StructureDefinition/questionnaire-allowedResource",
                          "valueCode": "Condition"
                        },
                        {
                          "url": "http://hl7.org/fhir/StructureDefinition/questionnaire-referenceFilter",
                          "valueString": "subject=$subj&patient=$subj&encounter=$encounter"
                        }
                      ],
                      "linkId": "VisionPrescription.reason[x]._Condition.value",
                      "text": "Condition",
                      "type": "reference",
                      "required": false,
                      "repeats": false
                    }
                  ]
                }
              ]
            }
          ]
        },
        {
          "linkId": "VisionPrescription.dispense",
          "text": "Vision supply authorization",
          "type": "group",
          "required": false,
          "repeats": true,
          "item": [
            {
              "extension": [
                {
                  "url": "http://hl7.org/fhir/StructureDefinition/questionnaire-itemControl",
                  "valueCodeableConcept": {
                    "coding": [
                      {
                        "system": "http://hl7.org/fhir/questionnaire-item-control",
                        "code": "flyover",
                        "display": "Fly-over"
                      }
                    ]
                  }
                }
              ],
              "text": "Deals with details of the dispense part of the supply specification.",
              "type": "display"
            },
            {
              "extension": [
                {
                  "url": "http://hl7.org/fhir/StructureDefinition/questionnaire-maxOccurs",
                  "valueInteger": 1
                },
                {
                  "url": "http://hl7.org/fhir/StructureDefinition/questionnaire-fhirType",
                  "valueString": "string"
                }
              ],
              "linkId": "VisionPrescription.dispense.id",
              "type": "group",
              "required": false,
              "repeats": true,
              "item": [
                {
                  "extension": [
                    {
                      "url": "http://hl7.org/fhir/StructureDefinition/questionnaire-itemControl",
                      "valueCodeableConcept": {
                        "coding": [
                          {
                            "system": "http://hl7.org/fhir/questionnaire-item-control",
                            "code": "flyover",
                            "display": "Fly-over"
                          }
                        ]
                      }
                    }
                  ],
                  "text": "unique id for the element within a resource (for internal references). This may be any string value that does not contain spaces.",
                  "type": "display"
                },
                {
                  "linkId": "VisionPrescription.dispense.id.value",
                  "text": "xml:id (or equivalent in JSON)",
                  "type": "string",
                  "required": false,
                  "repeats": false
                }
              ]
            },
            {
              "linkId": "VisionPrescription.dispense.extension",
              "text": "Additional Content defined by implementations",
              "type": "group",
              "required": false,
              "repeats": true,
              "item": [
                {
                  "extension": [
                    {
                      "url": "http://hl7.org/fhir/StructureDefinition/questionnaire-itemControl",
                      "valueCodeableConcept": {
                        "coding": [
                          {
                            "system": "http://hl7.org/fhir/questionnaire-item-control",
                            "code": "flyover",
                            "display": "Fly-over"
                          }
                        ]
                      }
                    }
                  ],
                  "text": "May be used to represent additional information that is not part of the basic definition of the element. In order to make the use of extensions safe and manageable, there is a strict set of governance  applied to the definition and use of extensions. Though any implementer is allowed to define an extension, there is a set of requirements that SHALL be met as part of the definition of the extension. There can be no stigma associated with the use of extensions by any application, project, or standard - regardless of the institution or jurisdiction that uses or defines the extensions.  The use of extensions is what allows the FHIR specification to retain a core level of simplicity for everyone.",
                  "type": "display"
                }
              ]
            },
            {
              "linkId": "VisionPrescription.dispense.modifierExtension",
              "text": "Extensions that cannot be ignored",
              "type": "group",
              "required": false,
              "repeats": true,
              "item": [
                {
                  "extension": [
                    {
                      "url": "http://hl7.org/fhir/StructureDefinition/questionnaire-itemControl",
                      "valueCodeableConcept": {
                        "coding": [
                          {
                            "system": "http://hl7.org/fhir/questionnaire-item-control",
                            "code": "flyover",
                            "display": "Fly-over"
                          }
                        ]
                      }
                    }
                  ],
                  "text": "May be used to represent additional information that is not part of the basic definition of the element, and that modifies the understanding of the element that contains it. Usually modifier elements provide negation or qualification. In order to make the use of extensions safe and manageable, there is a strict set of governance applied to the definition and use of extensions. Though any implementer is allowed to define an extension, there is a set of requirements that SHALL be met as part of the definition of the extension. Applications processing a resource are required to check for modifier extensions. There can be no stigma associated with the use of extensions by any application, project, or standard - regardless of the institution or jurisdiction that uses or defines the extensions.  The use of extensions is what allows the FHIR specification to retain a core level of simplicity for everyone.",
                  "type": "display"
                }
              ]
            },
            {
              "extension": [
                {
                  "url": "http://hl7.org/fhir/StructureDefinition/questionnaire-minOccurs",
                  "valueInteger": 1
                },
                {
                  "url": "http://hl7.org/fhir/StructureDefinition/questionnaire-maxOccurs",
                  "valueInteger": 1
                },
                {
                  "url": "http://hl7.org/fhir/StructureDefinition/questionnaire-fhirType",
                  "valueString": "Coding"
                }
              ],
              "linkId": "VisionPrescription.dispense.product",
              "type": "group",
              "required": true,
              "repeats": true,
              "item": [
                {
                  "extension": [
                    {
                      "url": "http://hl7.org/fhir/StructureDefinition/questionnaire-itemControl",
                      "valueCodeableConcept": {
                        "coding": [
                          {
                            "system": "http://hl7.org/fhir/questionnaire-item-control",
                            "code": "flyover",
                            "display": "Fly-over"
                          }
                        ]
                      }
                    }
                  ],
                  "text": "Identifies the type of vision correction product which is required for the patient.",
                  "type": "display"
                },
                {
                  "linkId": "VisionPrescription.dispense.product.value",
                  "text": "Product to be supplied",
                  "type": "open-choice",
                  "required": false,
                  "repeats": false
                }
              ]
            },
            {
              "extension": [
                {
                  "url": "http://hl7.org/fhir/StructureDefinition/questionnaire-maxOccurs",
                  "valueInteger": 1
                },
                {
                  "url": "http://hl7.org/fhir/StructureDefinition/questionnaire-fhirType",
                  "valueString": "code"
                }
              ],
              "linkId": "VisionPrescription.dispense.eye",
              "type": "group",
              "required": false,
              "repeats": true,
              "item": [
                {
                  "extension": [
                    {
                      "url": "http://hl7.org/fhir/StructureDefinition/questionnaire-itemControl",
                      "valueCodeableConcept": {
                        "coding": [
                          {
                            "system": "http://hl7.org/fhir/questionnaire-item-control",
                            "code": "flyover",
                            "display": "Fly-over"
                          }
                        ]
                      }
                    }
                  ],
                  "text": "The eye for which the lens applies.",
                  "type": "display"
                },
                {
                  "linkId": "VisionPrescription.dispense.eye.value",
                  "text": "eye",
                  "type": "choice",
                  "required": false,
                  "repeats": false
                }
              ]
            },
            {
              "extension": [
                {
                  "url": "http://hl7.org/fhir/StructureDefinition/questionnaire-maxOccurs",
                  "valueInteger": 1
                },
                {
                  "url": "http://hl7.org/fhir/StructureDefinition/questionnaire-fhirType",
                  "valueString": "decimal"
                }
              ],
              "linkId": "VisionPrescription.dispense.sphere",
              "type": "group",
              "required": false,
              "repeats": true,
              "item": [
                {
                  "extension": [
                    {
                      "url": "http://hl7.org/fhir/StructureDefinition/questionnaire-itemControl",
                      "valueCodeableConcept": {
                        "coding": [
                          {
                            "system": "http://hl7.org/fhir/questionnaire-item-control",
                            "code": "flyover",
                            "display": "Fly-over"
                          }
                        ]
                      }
                    }
                  ],
                  "text": "Lens power measured in diopters (0.25 units).",
                  "type": "display"
                },
                {
                  "linkId": "VisionPrescription.dispense.sphere.value",
                  "text": "Lens sphere",
                  "type": "decimal",
                  "required": false,
                  "repeats": false
                }
              ]
            },
            {
              "extension": [
                {
                  "url": "http://hl7.org/fhir/StructureDefinition/questionnaire-maxOccurs",
                  "valueInteger": 1
                },
                {
                  "url": "http://hl7.org/fhir/StructureDefinition/questionnaire-fhirType",
                  "valueString": "decimal"
                }
              ],
              "linkId": "VisionPrescription.dispense.cylinder",
              "type": "group",
              "required": false,
              "repeats": true,
              "item": [
                {
                  "extension": [
                    {
                      "url": "http://hl7.org/fhir/StructureDefinition/questionnaire-itemControl",
                      "valueCodeableConcept": {
                        "coding": [
                          {
                            "system": "http://hl7.org/fhir/questionnaire-item-control",
                            "code": "flyover",
                            "display": "Fly-over"
                          }
                        ]
                      }
                    }
                  ],
                  "text": "Power adjustment for astigmatism measured in diopters (0.25 units).",
                  "type": "display"
                },
                {
                  "linkId": "VisionPrescription.dispense.cylinder.value",
                  "text": "Lens cylinder",
                  "type": "decimal",
                  "required": false,
                  "repeats": false
                }
              ]
            },
            {
              "extension": [
                {
                  "url": "http://hl7.org/fhir/StructureDefinition/questionnaire-maxOccurs",
                  "valueInteger": 1
                },
                {
                  "url": "http://hl7.org/fhir/StructureDefinition/questionnaire-fhirType",
                  "valueString": "integer"
                }
              ],
              "linkId": "VisionPrescription.dispense.axis",
              "type": "group",
              "required": false,
              "repeats": true,
              "item": [
                {
                  "extension": [
                    {
                      "url": "http://hl7.org/fhir/StructureDefinition/questionnaire-itemControl",
                      "valueCodeableConcept": {
                        "coding": [
                          {
                            "system": "http://hl7.org/fhir/questionnaire-item-control",
                            "code": "flyover",
                            "display": "Fly-over"
                          }
                        ]
                      }
                    }
                  ],
                  "text": "Adjustment for astigmatism measured in integer degrees.",
                  "type": "display"
                },
                {
                  "linkId": "VisionPrescription.dispense.axis.value",
                  "text": "Lens axis",
                  "type": "integer",
                  "required": false,
                  "repeats": false
                }
              ]
            },
            {
              "extension": [
                {
                  "url": "http://hl7.org/fhir/StructureDefinition/questionnaire-maxOccurs",
                  "valueInteger": 1
                },
                {
                  "url": "http://hl7.org/fhir/StructureDefinition/questionnaire-fhirType",
                  "valueString": "decimal"
                }
              ],
              "linkId": "VisionPrescription.dispense.prism",
              "type": "group",
              "required": false,
              "repeats": true,
              "item": [
                {
                  "extension": [
                    {
                      "url": "http://hl7.org/fhir/StructureDefinition/questionnaire-itemControl",
                      "valueCodeableConcept": {
                        "coding": [
                          {
                            "system": "http://hl7.org/fhir/questionnaire-item-control",
                            "code": "flyover",
                            "display": "Fly-over"
                          }
                        ]
                      }
                    }
                  ],
                  "text": "Amount of prism to compensate for eye alignment in fractional units.",
                  "type": "display"
                },
                {
                  "linkId": "VisionPrescription.dispense.prism.value",
                  "text": "Lens prism",
                  "type": "decimal",
                  "required": false,
                  "repeats": false
                }
              ]
            },
            {
              "extension": [
                {
                  "url": "http://hl7.org/fhir/StructureDefinition/questionnaire-maxOccurs",
                  "valueInteger": 1
                },
                {
                  "url": "http://hl7.org/fhir/StructureDefinition/questionnaire-fhirType",
                  "valueString": "code"
                }
              ],
              "linkId": "VisionPrescription.dispense.base",
              "type": "group",
              "required": false,
              "repeats": true,
              "item": [
                {
                  "extension": [
                    {
                      "url": "http://hl7.org/fhir/StructureDefinition/questionnaire-itemControl",
                      "valueCodeableConcept": {
                        "coding": [
                          {
                            "system": "http://hl7.org/fhir/questionnaire-item-control",
                            "code": "flyover",
                            "display": "Fly-over"
                          }
                        ]
                      }
                    }
                  ],
                  "text": "The relative base, or reference lens edge, for the prism.",
                  "type": "display"
                },
                {
                  "linkId": "VisionPrescription.dispense.base.value",
                  "text": "base",
                  "type": "choice",
                  "required": false,
                  "repeats": false
                }
              ]
            },
            {
              "extension": [
                {
                  "url": "http://hl7.org/fhir/StructureDefinition/questionnaire-maxOccurs",
                  "valueInteger": 1
                },
                {
                  "url": "http://hl7.org/fhir/StructureDefinition/questionnaire-fhirType",
                  "valueString": "decimal"
                }
              ],
              "linkId": "VisionPrescription.dispense.add",
              "type": "group",
              "required": false,
              "repeats": true,
              "item": [
                {
                  "extension": [
                    {
                      "url": "http://hl7.org/fhir/StructureDefinition/questionnaire-itemControl",
                      "valueCodeableConcept": {
                        "coding": [
                          {
                            "system": "http://hl7.org/fhir/questionnaire-item-control",
                            "code": "flyover",
                            "display": "Fly-over"
                          }
                        ]
                      }
                    }
                  ],
                  "text": "Power adjustment for multifocal lenses measured in diopters (0.25 units).",
                  "type": "display"
                },
                {
                  "linkId": "VisionPrescription.dispense.add.value",
                  "text": "Lens add",
                  "type": "decimal",
                  "required": false,
                  "repeats": false
                }
              ]
            },
            {
              "extension": [
                {
                  "url": "http://hl7.org/fhir/StructureDefinition/questionnaire-maxOccurs",
                  "valueInteger": 1
                },
                {
                  "url": "http://hl7.org/fhir/StructureDefinition/questionnaire-fhirType",
                  "valueString": "decimal"
                }
              ],
              "linkId": "VisionPrescription.dispense.power",
              "type": "group",
              "required": false,
              "repeats": true,
              "item": [
                {
                  "extension": [
                    {
                      "url": "http://hl7.org/fhir/StructureDefinition/questionnaire-itemControl",
                      "valueCodeableConcept": {
                        "coding": [
                          {
                            "system": "http://hl7.org/fhir/questionnaire-item-control",
                            "code": "flyover",
                            "display": "Fly-over"
                          }
                        ]
                      }
                    }
                  ],
                  "text": "Contact lens power measured in diopters (0.25 units).",
                  "type": "display"
                },
                {
                  "linkId": "VisionPrescription.dispense.power.value",
                  "text": "Contact lens power",
                  "type": "decimal",
                  "required": false,
                  "repeats": false
                }
              ]
            },
            {
              "extension": [
                {
                  "url": "http://hl7.org/fhir/StructureDefinition/questionnaire-maxOccurs",
                  "valueInteger": 1
                },
                {
                  "url": "http://hl7.org/fhir/StructureDefinition/questionnaire-fhirType",
                  "valueString": "decimal"
                }
              ],
              "linkId": "VisionPrescription.dispense.backCurve",
              "type": "group",
              "required": false,
              "repeats": true,
              "item": [
                {
                  "extension": [
                    {
                      "url": "http://hl7.org/fhir/StructureDefinition/questionnaire-itemControl",
                      "valueCodeableConcept": {
                        "coding": [
                          {
                            "system": "http://hl7.org/fhir/questionnaire-item-control",
                            "code": "flyover",
                            "display": "Fly-over"
                          }
                        ]
                      }
                    }
                  ],
                  "text": "Back curvature measured in millimeters.",
                  "type": "display"
                },
                {
                  "linkId": "VisionPrescription.dispense.backCurve.value",
                  "text": "Contact lens back curvature",
                  "type": "decimal",
                  "required": false,
                  "repeats": false
                }
              ]
            },
            {
              "extension": [
                {
                  "url": "http://hl7.org/fhir/StructureDefinition/questionnaire-maxOccurs",
                  "valueInteger": 1
                },
                {
                  "url": "http://hl7.org/fhir/StructureDefinition/questionnaire-fhirType",
                  "valueString": "decimal"
                }
              ],
              "linkId": "VisionPrescription.dispense.diameter",
              "type": "group",
              "required": false,
              "repeats": true,
              "item": [
                {
                  "extension": [
                    {
                      "url": "http://hl7.org/fhir/StructureDefinition/questionnaire-itemControl",
                      "valueCodeableConcept": {
                        "coding": [
                          {
                            "system": "http://hl7.org/fhir/questionnaire-item-control",
                            "code": "flyover",
                            "display": "Fly-over"
                          }
                        ]
                      }
                    }
                  ],
                  "text": "Contact lens diameter measured in millimeters.",
                  "type": "display"
                },
                {
                  "linkId": "VisionPrescription.dispense.diameter.value",
                  "text": "Contact lens diameter",
                  "type": "decimal",
                  "required": false,
                  "repeats": false
                }
              ]
            },
            {
              "extension": [
                {
                  "url": "http://hl7.org/fhir/StructureDefinition/questionnaire-maxOccurs",
                  "valueInteger": 1
                },
                {
                  "url": "http://hl7.org/fhir/StructureDefinition/questionnaire-fhirType",
                  "valueString": "Quantity"
                }
              ],
              "linkId": "VisionPrescription.dispense.duration",
              "text": "Lens wear duration",
              "type": "group",
              "required": false,
              "repeats": true,
              "item": [
                {
                  "extension": [
                    {
                      "url": "http://hl7.org/fhir/StructureDefinition/questionnaire-itemControl",
                      "valueCodeableConcept": {
                        "coding": [
                          {
                            "system": "http://hl7.org/fhir/questionnaire-item-control",
                            "code": "flyover",
                            "display": "Fly-over"
                          }
                        ]
                      }
                    }
                  ],
                  "text": "The recommended maximum wear period for the lens.",
                  "type": "display"
                },
                {
                  "linkId": "VisionPrescription.dispense.duration.comparator",
                  "text": "comp:",
                  "type": "choice",
                  "required": false,
                  "repeats": false
                },
                {
                  "linkId": "VisionPrescription.dispense.duration.value",
                  "text": "value:",
                  "type": "decimal",
                  "required": false,
                  "repeats": false
                },
                {
                  "linkId": "VisionPrescription.dispense.duration.units",
                  "text": "units:",
                  "type": "string",
                  "required": false,
                  "repeats": false
                },
                {
                  "linkId": "VisionPrescription.dispense.duration.code",
                  "text": "coded units:",
                  "type": "string",
                  "required": false,
                  "repeats": false
                },
                {
                  "linkId": "VisionPrescription.dispense.duration.system",
                  "text": "units system:",
                  "type": "string",
                  "required": false,
                  "repeats": false
                }
              ]
            },
            {
              "extension": [
                {
                  "url": "http://hl7.org/fhir/StructureDefinition/questionnaire-maxOccurs",
                  "valueInteger": 1
                },
                {
                  "url": "http://hl7.org/fhir/StructureDefinition/questionnaire-fhirType",
                  "valueString": "string"
                }
              ],
              "linkId": "VisionPrescription.dispense.color",
              "type": "group",
              "required": false,
              "repeats": true,
              "item": [
                {
                  "extension": [
                    {
                      "url": "http://hl7.org/fhir/StructureDefinition/questionnaire-itemControl",
                      "valueCodeableConcept": {
                        "coding": [
                          {
                            "system": "http://hl7.org/fhir/questionnaire-item-control",
                            "code": "flyover",
                            "display": "Fly-over"
                          }
                        ]
                      }
                    }
                  ],
                  "text": "Special color or pattern.",
                  "type": "display"
                },
                {
                  "linkId": "VisionPrescription.dispense.color.value",
                  "text": "Color required",
                  "type": "string",
                  "required": false,
                  "repeats": false
                }
              ]
            },
            {
              "extension": [
                {
                  "url": "http://hl7.org/fhir/StructureDefinition/questionnaire-maxOccurs",
                  "valueInteger": 1
                },
                {
                  "url": "http://hl7.org/fhir/StructureDefinition/questionnaire-fhirType",
                  "valueString": "string"
                }
              ],
              "linkId": "VisionPrescription.dispense.brand",
              "type": "group",
              "required": false,
              "repeats": true,
              "item": [
                {
                  "extension": [
                    {
                      "url": "http://hl7.org/fhir/StructureDefinition/questionnaire-itemControl",
                      "valueCodeableConcept": {
                        "coding": [
                          {
                            "system": "http://hl7.org/fhir/questionnaire-item-control",
                            "code": "flyover",
                            "display": "Fly-over"
                          }
                        ]
                      }
                    }
                  ],
                  "text": "Brand recommendations or restrictions.",
                  "type": "display"
                },
                {
                  "linkId": "VisionPrescription.dispense.brand.value",
                  "text": "Brand required",
                  "type": "string",
                  "required": false,
                  "repeats": false
                }
              ]
            },
            {
              "extension": [
                {
                  "url": "http://hl7.org/fhir/StructureDefinition/questionnaire-maxOccurs",
                  "valueInteger": 1
                },
                {
                  "url": "http://hl7.org/fhir/StructureDefinition/questionnaire-fhirType",
                  "valueString": "string"
                }
              ],
              "linkId": "VisionPrescription.dispense.notes",
              "type": "group",
              "required": false,
              "repeats": true,
              "item": [
                {
                  "extension": [
                    {
                      "url": "http://hl7.org/fhir/StructureDefinition/questionnaire-itemControl",
                      "valueCodeableConcept": {
                        "coding": [
                          {
                            "system": "http://hl7.org/fhir/questionnaire-item-control",
                            "code": "flyover",
                            "display": "Fly-over"
                          }
                        ]
                      }
                    }
                  ],
                  "text": "Notes for special requirements such as coatings and lens materials.",
                  "type": "display"
                },
                {
                  "linkId": "VisionPrescription.dispense.notes.value",
                  "text": "Notes for coatings",
                  "type": "string",
                  "required": false,
                  "repeats": false
                }
              ]
            }
          ]
        }
      ]
    }
  ]
}